title,views,likes,comment_count
Video 0,793217,33492,2392
Video 1,655988,41900,2974
Video 2,813115,10585,7599
Video 3,329419,9905,9866
Video 4,274221,10482,5742
Video 5,386387,41912,4376
Video 6,149956,45619,6334
Video 7,433482,30527,8169
Video 8,614307,2566,4626
Video 9,567386,28832,5776
Video 10,403393,42925,7799
Video 11,78712,43096,3203
Video 12,825052,44054,2075
Video 13,607161,20904,3071
Video 14,910224,40842,5040
Video 15,171000,39186,5686
Video 16,225781,16835,4182
Video 17,719798,49164,1130
Video 18,328846,8863,7721
Video 19,756502,13252,5022
Video 20,952149,18265,641
Video 21,115371,36414,8052
Video 22,637357,37137,4682
Video 23,124522,22388,4119
Video 24,366423,6747,1374
Video 25,425371,20255,5033
Video 26,504101,4399,1800
Video 27,444237,2262,2133
Video 28,604372,31102,5194
Video 29,619195,2467,6430
Video 30,930149,17312,1659
Video 31,174831,48274,2287
Video 32,783011,3705,7061
Video 33,622859,10137,7385
Video 34,408313,27259,846
Video 35,561301,30523,572
Video 36,88610,10862,8856
Video 37,881699,48308,4792
Video 38,234655,4423,4842
Video 39,77109,30612,6780
Video 40,201324,10624,6952
Video 41,581434,24553,5175
Video 42,431472,47942,1477
Video 43,983367,43863,201
Video 44,951669,43391,5414
Video 45,3112,3531,7605
Video 46,113510,38922,7453
Video 47,897415,31290,6450
Video 48,785768,36430,1749
Video 49,8431,12783,197
Video 50,685053,11271,5148
Video 51,115367,45829,3566
Video 52,864351,35229,4210
Video 53,608815,18034,6492
Video 54,502299,3884,4378
Video 55,622574,22738,2641
Video 56,553221,2633,1727
Video 57,107853,27285,189
Video 58,604623,26802,1817
Video 59,94831,49170,740
Video 60,392588,21032,3137
Video 61,310852,35003,5268
Video 62,414773,41718,3560
Video 63,820108,5349,5971
Video 64,77726,47578,654
Video 65,576923,33717,970
Video 66,909582,46403,2865
Video 67,7715,7190,7567
Video 68,931491,44354,8572
Video 69,972566,30653,2695
Video 70,393503,4340,3680
Video 71,898553,18206,4093
Video 72,865417,9383,9637
Video 73,608162,13954,4370
Video 74,581240,44366,6867
Video 75,796231,5132,1831
Video 76,530320,46574,3073
Video 77,391801,30136,6077
Video 78,917702,29359,7193
Video 79,799521,46784,4558
Video 80,702454,29289,8541
Video 81,238742,41751,2784
Video 82,236035,34076,4973
Video 83,736204,41880,2728
Video 84,711383,42491,2229
Video 85,222102,16750,327
Video 86,885315,43353,8116
Video 87,34166,15688,894
Video 88,878943,4174,8496
Video 89,837710,4139,8765
Video 90,640159,1128,5959
Video 91,976188,46822,6585
Video 92,16941,22877,4195
Video 93,22872,17214,9593
Video 94,273142,46575,9401
Video 95,956869,13319,8068
Video 96,727576,43906,3058
Video 97,541280,32185,628
Video 98,848220,42095,4004
Video 99,383417,43039,9551
Video 100,302684,23873,1375
Video 101,960813,26592,3712
Video 102,856482,33781,3868
Video 103,907075,41422,5607
Video 104,45486,33693,8790
Video 105,402702,23275,911
Video 106,814803,22745,7640
Video 107,458721,35465,1589
Video 108,893130,34859,1845
Video 109,330035,46452,9797
Video 110,747106,12457,4665
Video 111,636570,5117,6972
Video 112,628274,11095,619
Video 113,451127,40721,4920
Video 114,102277,28179,5972
Video 115,855029,36679,3494
Video 116,798689,12530,7503
Video 117,261600,17037,3121
Video 118,492702,32001,3961
Video 119,658189,30792,8564
Video 120,355772,40432,8554
Video 121,345076,44751,9163
Video 122,722769,18532,6222
Video 123,225045,19621,4417
Video 124,292795,2943,739
Video 125,975734,4440,782
Video 126,479712,4534,3147
Video 127,255214,44336,2090
Video 128,570198,32722,5630
Video 129,45284,31604,1274
Video 130,98734,45181,7343
Video 131,421395,44618,3932
Video 132,710516,9605,7229
Video 133,354773,46504,60
Video 134,918778,31083,8123
Video 135,120157,42461,5655
Video 136,63571,29027,2189
Video 137,484317,35859,2615
Video 138,673788,42941,3538
Video 139,993309,34328,7255
Video 140,357741,374,9322
Video 141,331589,797,5566
Video 142,530337,3422,2259
Video 143,229696,31803,1003
Video 144,29340,16240,5283
Video 145,544409,18411,6330
Video 146,317838,7760,9460
Video 147,165033,20943,2419
Video 148,85548,12548,3647
Video 149,774771,10990,3042
Video 150,56164,46114,2399
Video 151,741214,26551,9539
Video 152,38320,47719,4875
Video 153,360563,26911,9724
Video 154,315032,30933,2427
Video 155,752213,40147,21
Video 156,740049,13902,9089
Video 157,978460,24289,1675
Video 158,521204,2351,3215
Video 159,111641,6365,9997
Video 160,266719,26808,8540
Video 161,404275,18800,8565
Video 162,475080,37756,8928
Video 163,962016,23726,3781
Video 164,459005,27189,2297
Video 165,293711,44263,6310
Video 166,290921,45399,6585
Video 167,800350,8707,3593
Video 168,161664,44168,603
Video 169,222597,48905,6188
Video 170,741722,28305,7373
Video 171,115960,21864,9091
Video 172,3825,13901,4115
Video 173,901627,335,2308
Video 174,777924,16686,8850
Video 175,752673,36192,540
Video 176,830685,9829,7646
Video 177,710400,39328,5109
Video 178,301016,12360,8183
Video 179,693732,2485,3574
Video 180,60052,36398,1179
Video 181,924695,21126,9397
Video 182,872600,13757,8686
Video 183,239807,16053,2427
Video 184,589847,14030,901
Video 185,867056,13613,1771
Video 186,426704,17903,280
Video 187,239561,9585,7801
Video 188,291139,43132,8450
Video 189,437094,32734,2319
Video 190,464149,4288,7915
Video 191,579848,6071,1560
Video 192,775934,17773,9915
Video 193,216666,11227,1805
Video 194,813022,10372,1862
Video 195,368625,23696,3403
Video 196,633597,45802,2798
Video 197,781592,5384,616
Video 198,343554,30472,5324
Video 199,395209,49782,8525
Video 200,745338,8834,1353
Video 201,70830,10578,8497
Video 202,98358,15832,1241
Video 203,730746,22436,7531
Video 204,449585,8962,6020
Video 205,220988,20245,1508
Video 206,382149,40001,1268
Video 207,70875,16809,3281
Video 208,274981,23048,1096
Video 209,422011,32470,1984
Video 210,949754,12720,9392
Video 211,394026,28850,7002
Video 212,410890,31706,4855
Video 213,50080,3673,4188
Video 214,354674,1198,9242
Video 215,435260,8503,2582
Video 216,472984,32281,2368
Video 217,89655,21858,5077
Video 218,689681,36074,2797
Video 219,24583,26861,1054
Video 220,641052,12998,3743
Video 221,849412,8401,2009
Video 222,955821,21455,2693
Video 223,188566,3143,9722
Video 224,852186,39561,729
Video 225,241399,40642,6923
Video 226,258355,24013,8088
Video 227,467815,20288,7301
Video 228,112130,6819,6918
Video 229,476403,10194,464
Video 230,312632,1626,3768
Video 231,286485,1553,7931
Video 232,461944,41687,1034
Video 233,102452,49889,2792
Video 234,519714,25733,1217
Video 235,440889,29703,6909
Video 236,821546,19013,3742
Video 237,731198,8226,6634
Video 238,973143,1668,1521
Video 239,681025,18670,3895
Video 240,699853,31869,5758
Video 241,727347,18299,274
Video 242,958005,14287,4961
Video 243,651870,4764,7868
Video 244,193957,3819,5174
Video 245,354981,23456,8922
Video 246,90096,3750,4569
Video 247,600411,13216,4282
Video 248,813145,37955,7992
Video 249,156296,11418,3285
Video 250,38014,35029,2670
Video 251,822786,27359,3930
Video 252,18704,1846,5158
Video 253,171275,5901,5312
Video 254,22310,47524,4121
Video 255,340567,12671,3553
Video 256,984704,15361,6567
Video 257,92396,36308,3651
Video 258,472268,36606,4835
Video 259,403160,28942,9018
Video 260,795990,25057,9044
Video 261,370934,19268,2700
Video 262,870372,37135,2064
Video 263,621700,7271,509
Video 264,163210,26448,1688
Video 265,118819,8717,3165
Video 266,813042,16215,2247
Video 267,493884,40266,1119
Video 268,169807,9166,8999
Video 269,697516,34099,5107
Video 270,270135,26267,1925
Video 271,494878,40464,274
Video 272,856835,40395,5978
Video 273,626123,42570,4553
Video 274,207675,23497,2711
Video 275,6562,32807,9256
Video 276,178352,29544,2664
Video 277,322402,24750,6450
Video 278,587279,47028,631
Video 279,310417,30847,5842
Video 280,208198,49242,2420
Video 281,259337,14428,9324
Video 282,476022,23438,193
Video 283,961152,21460,6882
Video 284,912199,11387,223
Video 285,755967,29749,3638
Video 286,456121,16127,5468
Video 287,785913,332,2149
Video 288,610301,23426,1954
Video 289,600338,4611,5779
Video 290,778743,7708,7714
Video 291,153068,21097,8844
Video 292,2022,44292,3171
Video 293,417171,16812,1644
Video 294,946017,7151,9296
Video 295,979474,16322,4907
Video 296,146982,5862,5571
Video 297,160654,4455,2999
Video 298,97862,46265,1895
Video 299,1174,48328,4818
Video 300,512490,21215,7557
Video 301,192074,48724,3773
Video 302,399428,38798,8260
Video 303,773735,39729,1602
Video 304,396648,17332,3633
Video 305,220080,782,289
Video 306,379668,5092,6557
Video 307,817991,17417,7499
Video 308,680644,6959,9083
Video 309,413742,13077,6170
Video 310,561729,35262,2878
Video 311,902860,28244,954
Video 312,503029,13824,565
Video 313,912720,26163,9967
Video 314,292880,2925,6106
Video 315,332207,33535,8046
Video 316,728478,40256,9517
Video 317,892887,42770,1292
Video 318,387471,2310,3389
Video 319,887592,26404,2363
Video 320,198275,2336,1380
Video 321,69062,46947,8995
Video 322,140904,12283,4519
Video 323,914152,36143,1016
Video 324,127927,12340,5618
Video 325,577553,21950,3512
Video 326,472397,38749,4858
Video 327,737983,41162,7161
Video 328,756662,23993,5804
Video 329,725613,36492,7966
Video 330,46471,19745,4396
Video 331,770422,39363,2878
Video 332,878109,483,709
Video 333,106258,38292,9855
Video 334,509592,17544,7304
Video 335,540510,35892,3548
Video 336,667878,19396,2257
Video 337,655670,40390,4098
Video 338,527520,39208,6851
Video 339,268688,22880,787
Video 340,119859,26027,1242
Video 341,903982,14231,3272
Video 342,861086,26102,2082
Video 343,27985,41750,8316
Video 344,890926,20734,8938
Video 345,678204,19787,9751
Video 346,218937,22645,6772
Video 347,699810,49218,8506
Video 348,772006,13630,1947
Video 349,636541,48085,9311
Video 350,397460,6495,43
Video 351,379714,22520,6431
Video 352,162880,13498,108
Video 353,53333,17662,4541
Video 354,907021,5214,3001
Video 355,453664,20264,4001
Video 356,782762,26486,8503
Video 357,210332,39436,9007
Video 358,638066,45173,2333
Video 359,327593,17798,4726
Video 360,925059,31401,5159
Video 361,4321,42153,3766
Video 362,499187,24888,881
Video 363,513686,37994,5099
Video 364,521598,39237,3072
Video 365,374478,20847,4776
Video 366,959380,23856,1479
Video 367,820830,11042,5995
Video 368,707554,12172,2133
Video 369,913986,35805,5089
Video 370,235517,2450,1048
Video 371,357867,4793,6189
Video 372,764111,43701,7274
Video 373,738959,45556,1394
Video 374,648408,38226,5643
Video 375,675711,32389,6026
Video 376,277870,7780,6671
Video 377,406146,37043,9906
Video 378,938299,49265,715
Video 379,489900,310,8191
Video 380,643386,6926,4321
Video 381,38779,9220,376
Video 382,369847,32353,4710
Video 383,349968,43367,9578
Video 384,138358,5574,2951
Video 385,376980,21718,6769
Video 386,598974,41360,3472
Video 387,646417,9577,6463
Video 388,814361,44786,3031
Video 389,986298,7634,9936
Video 390,609795,16073,6133
Video 391,772793,47569,5118
Video 392,875522,748,7740
Video 393,303650,2538,9442
Video 394,443564,44334,4569
Video 395,198534,7043,7738
Video 396,383042,48946,3086
Video 397,10821,2650,554
Video 398,30560,3459,7179
Video 399,105584,35747,2068
Video 400,270667,28855,4678
Video 401,613853,7193,2312
Video 402,201290,10165,2497
Video 403,73079,23152,5656
Video 404,474400,22063,2563
Video 405,18444,35961,744
Video 406,312675,45664,2952
Video 407,890330,24365,1054
Video 408,852942,4949,9709
Video 409,639149,2985,8846
Video 410,83632,6002,8029
Video 411,607717,25191,3667
Video 412,81022,32523,8421
Video 413,630887,49178,181
Video 414,53343,6333,5831
Video 415,291940,9853,8048
Video 416,505735,24047,2530
Video 417,474627,27529,26
Video 418,237790,33132,8800
Video 419,40290,41613,6359
Video 420,539605,49928,4586
Video 421,978882,16858,9029
Video 422,606996,2562,4293
Video 423,191633,17680,8391
Video 424,832061,34576,2759
Video 425,575215,15018,7862
Video 426,73461,46898,1122
Video 427,130956,34871,8647
Video 428,584020,7098,2566
Video 429,909045,13463,2350
Video 430,171979,44775,9295
Video 431,800125,22285,1228
Video 432,158627,23717,7482
Video 433,801195,40668,4015
Video 434,532298,13051,7333
Video 435,347320,6808,6956
Video 436,188350,44827,8032
Video 437,344600,19045,234
Video 438,966180,16689,5195
Video 439,870028,17555,2040
Video 440,57085,49626,6182
Video 441,993677,18554,9020
Video 442,446521,24283,9459
Video 443,28619,34129,941
Video 444,193310,11883,2830
Video 445,171445,6868,9664
Video 446,36356,17723,4084
Video 447,5710,20930,3034
Video 448,277886,15697,4165
Video 449,890944,40379,3528
Video 450,242938,11821,4572
Video 451,252236,42041,5744
Video 452,237967,1317,5633
Video 453,35424,4873,6680
Video 454,821655,21412,869
Video 455,573530,22801,4643
Video 456,380499,14185,6740
Video 457,378627,27029,7573
Video 458,612389,7940,3758
Video 459,836666,34908,2061
Video 460,648449,34037,9810
Video 461,230434,42512,7271
Video 462,620894,8386,5940
Video 463,9895,10632,4722
Video 464,126966,128,9370
Video 465,905633,42829,1133
Video 466,254128,37040,3565
Video 467,744830,41889,6153
Video 468,494512,18711,1956
Video 469,191104,2634,7631
Video 470,536041,17361,7217
Video 471,967787,38509,7733
Video 472,189549,20847,6600
Video 473,770113,32724,3256
Video 474,273064,4882,6653
Video 475,840900,19680,3687
Video 476,272964,49214,7950
Video 477,813507,41621,6452
Video 478,124847,45720,9276
Video 479,697976,29732,9378
Video 480,299365,18786,8840
Video 481,57496,40394,8957
Video 482,241321,35693,6146
Video 483,854596,18294,1930
Video 484,606001,9663,4663
Video 485,525199,32026,323
Video 486,423196,16975,2908
Video 487,102098,20598,2784
Video 488,12174,27715,9285
Video 489,764743,42080,9116
Video 490,721875,24668,8098
Video 491,26426,48459,5700
Video 492,561126,38836,4900
Video 493,409599,11626,8668
Video 494,140419,18939,1270
Video 495,467548,18940,4426
Video 496,320039,24782,4931
Video 497,67134,32146,5562
Video 498,850071,49853,3215
Video 499,542395,46676,2341
Video 500,866947,30578,2620
Video 501,281824,1467,1627
Video 502,162162,36170,9519
Video 503,822724,16816,9965
Video 504,576123,21540,4703
Video 505,61861,46937,5946
Video 506,632029,29665,4747
Video 507,676281,46959,1953
Video 508,980890,11869,5424
Video 509,786079,28206,9004
Video 510,295761,13303,9897
Video 511,590770,48746,1992
Video 512,543816,8696,7085
Video 513,179095,10627,1973
Video 514,129781,29095,2252
Video 515,781943,17793,7372
Video 516,836855,40413,3988
Video 517,335474,15426,4616
Video 518,243490,22436,2878
Video 519,626917,28714,9081
Video 520,827378,47107,5631
Video 521,230322,2182,4881
Video 522,92913,43032,915
Video 523,324814,37341,6312
Video 524,260137,40408,1889
Video 525,723314,26661,5487
Video 526,883569,30404,8401
Video 527,191886,19295,4262
Video 528,572085,35242,6823
Video 529,78552,48001,2257
Video 530,715729,12984,4965
Video 531,916730,18908,4271
Video 532,778908,2571,7129
Video 533,558181,32214,755
Video 534,959556,25867,4524
Video 535,966143,47318,3408
Video 536,772737,34836,9677
Video 537,287637,31840,5307
Video 538,762189,49524,9712
Video 539,781560,24715,7146
Video 540,806088,18081,5616
Video 541,143458,45484,1500
Video 542,77787,14098,477
Video 543,997586,2915,2603
Video 544,789361,30516,1582
Video 545,559850,35361,50
Video 546,436571,28445,4911
Video 547,107859,10745,6524
Video 548,637638,26413,599
Video 549,834411,27125,5055
Video 550,904677,22724,4183
Video 551,157373,7487,7921
Video 552,805230,5466,8013
Video 553,474633,47710,4111
Video 554,444937,30109,3858
Video 555,521840,25285,2906
Video 556,86528,43564,1194
Video 557,164662,3923,9235
Video 558,735853,28308,4492
Video 559,993237,14009,6342
Video 560,639224,31921,4304
Video 561,448442,32987,4449
Video 562,300132,8926,3968
Video 563,836765,36994,5063
Video 564,720853,32583,1144
Video 565,821189,8969,9772
Video 566,266469,23375,5655
Video 567,609177,34747,7013
Video 568,138122,42661,1826
Video 569,953804,36666,1571
Video 570,775756,27081,1975
Video 571,741130,4449,6000
Video 572,581667,11626,5134
Video 573,392616,42843,9447
Video 574,180529,674,7448
Video 575,168628,48319,9794
Video 576,749089,38736,7534
Video 577,254404,41536,5164
Video 578,204529,26710,6227
Video 579,388283,21852,841
Video 580,289859,44788,9150
Video 581,46775,27546,8601
Video 582,873357,39836,8511
Video 583,24936,26205,9383
Video 584,288765,37598,2541
Video 585,964274,7634,314
Video 586,563725,33973,9421
Video 587,539983,24708,6232
Video 588,787631,27841,8829
Video 589,181985,27912,6106
Video 590,227881,16124,85
Video 591,945347,44838,8728
Video 592,815372,47400,7430
Video 593,748258,18490,5839
Video 594,320636,2450,4695
Video 595,721130,9973,5170
Video 596,474075,32157,1397
Video 597,707009,41528,1246
Video 598,268477,21452,4382
Video 599,760398,48470,44
Video 600,837274,10059,8925
Video 601,143262,18070,7686
Video 602,790109,34642,6741
Video 603,503259,49960,1874
Video 604,690496,21851,8376
Video 605,945417,2715,8865
Video 606,791775,20335,382
Video 607,860993,1976,6319
Video 608,333972,8790,475
Video 609,988183,6310,7469
Video 610,775943,42462,1065
Video 611,878876,46392,3574
Video 612,955858,49339,2965
Video 613,848814,676,4900
Video 614,931535,16449,9132
Video 615,950447,32379,3448
Video 616,561679,48092,3337
Video 617,416343,33091,8381
Video 618,817297,17708,6091
Video 619,750010,5876,3643
Video 620,865149,31634,1084
Video 621,763152,36321,3191
Video 622,867596,25837,6333
Video 623,550028,38299,8466
Video 624,362396,14325,1639
Video 625,389220,30473,6893
Video 626,214228,49631,9369
Video 627,811110,41505,1514
Video 628,490591,23545,1563
Video 629,981443,11732,360
Video 630,198783,9499,2686
Video 631,35837,11763,7131
Video 632,189833,11304,9266
Video 633,720424,22200,8059
Video 634,521557,46722,8669
Video 635,929945,20711,826
Video 636,446738,46592,9402
Video 637,914209,2128,5968
Video 638,681257,22703,1602
Video 639,262775,47893,2862
Video 640,182629,31280,9624
Video 641,224823,40032,3531
Video 642,762870,47778,3353
Video 643,843723,5404,2069
Video 644,152328,6602,7383
Video 645,256394,47946,76
Video 646,191749,20388,812
Video 647,328042,6284,5040
Video 648,252538,39742,6540
Video 649,191762,21807,2668
Video 650,863156,462,6505
Video 651,92135,9243,1646
Video 652,430179,39770,6481
Video 653,923998,49800,2374
Video 654,878370,15403,3238
Video 655,340364,32309,17
Video 656,804037,17878,7308
Video 657,584174,15171,8068
Video 658,518488,26789,6344
Video 659,335102,31965,2318
Video 660,385347,16203,9295
Video 661,915414,34008,4826
Video 662,383942,29797,1713
Video 663,552583,16432,4687
Video 664,50926,29484,3216
Video 665,204250,21008,7751
Video 666,508295,31250,5863
Video 667,275292,10421,9836
Video 668,629551,1445,4777
Video 669,10739,37338,831
Video 670,306242,2838,5675
Video 671,595937,18849,4179
Video 672,29803,29207,2683
Video 673,583613,49616,2644
Video 674,912240,34473,8544
Video 675,804852,8152,6639
Video 676,172694,39454,1193
Video 677,744328,34941,3787
Video 678,840767,38614,5664
Video 679,496052,25894,6644
Video 680,690625,22764,3806
Video 681,91553,14534,7688
Video 682,644339,22383,2322
Video 683,529897,7734,2266
Video 684,109735,3661,5038
Video 685,437738,36884,1012
Video 686,325489,28605,5496
Video 687,142853,36987,5029
Video 688,409646,40552,5199
Video 689,438391,10581,1372
Video 690,607029,22700,3049
Video 691,197255,33639,4405
Video 692,315062,23094,9329
Video 693,111926,32998,9479
Video 694,379490,39903,6768
Video 695,179475,1311,3310
Video 696,484996,20492,4068
Video 697,322397,13146,6007
Video 698,219477,44241,3968
Video 699,513698,33537,3135
Video 700,38988,3322,3469
Video 701,984296,34267,6710
Video 702,980045,17732,243
Video 703,190016,9513,5685
Video 704,34979,30618,1992
Video 705,826191,49167,567
Video 706,477083,19923,275
Video 707,893161,35600,5996
Video 708,143536,31101,2587
Video 709,980660,42007,3013
Video 710,703969,49537,8146
Video 711,349670,25166,4460
Video 712,613562,33261,9891
Video 713,477541,23385,2459
Video 714,512356,19909,5438
Video 715,899675,37950,3799
Video 716,435654,23338,9325
Video 717,721681,14312,6648
Video 718,860433,31499,6957
Video 719,802513,20322,4784
Video 720,134793,46984,7635
Video 721,60647,15232,8674
Video 722,325698,46845,5133
Video 723,406711,21563,3272
Video 724,603863,13385,3778
Video 725,880905,22452,2859
Video 726,423894,49752,5272
Video 727,369156,19462,7494
Video 728,729217,9484,381
Video 729,256760,7958,5798
Video 730,381689,701,5894
Video 731,619461,36545,9392
Video 732,198108,4071,3443
Video 733,175559,2629,8684
Video 734,350089,36896,7164
Video 735,437344,25134,2374
Video 736,23888,39792,1378
Video 737,790677,29757,346
Video 738,820668,13378,6418
Video 739,187882,48165,6730
Video 740,7380,45464,8915
Video 741,151129,32859,7272
Video 742,945694,15482,2109
Video 743,386370,2326,531
Video 744,154704,48887,791
Video 745,768325,17340,5821
Video 746,473434,27119,3863
Video 747,293543,33517,2019
Video 748,624894,8676,3017
Video 749,133687,25010,5244
Video 750,360114,43862,2923
Video 751,829346,2335,9800
Video 752,262283,17343,53
Video 753,602356,33443,6825
Video 754,552962,2147,7263
Video 755,951291,40919,9626
Video 756,154702,29518,5403
Video 757,922522,31028,996
Video 758,650141,25358,2932
Video 759,222100,32963,3305
Video 760,848987,8908,638
Video 761,416017,8108,3645
Video 762,779352,48838,9879
Video 763,148188,4355,5347
Video 764,50266,38776,4118
Video 765,32797,36594,4387
Video 766,238082,39237,4796
Video 767,54036,28317,7212
Video 768,135307,40673,2575
Video 769,698022,27110,6859
Video 770,874307,19103,9201
Video 771,762874,49635,3478
Video 772,445206,24589,4035
Video 773,205479,23374,2578
Video 774,392517,32566,913
Video 775,84189,3761,4446
Video 776,803160,48822,5680
Video 777,724163,18615,3513
Video 778,15685,28329,5850
Video 779,136155,38892,9230
Video 780,510817,34524,4282
Video 781,492301,1402,7487
Video 782,153339,6726,9460
Video 783,546414,16117,7456
Video 784,550121,22631,8142
Video 785,738253,38487,4590
Video 786,547445,25172,4658
Video 787,866178,15212,3469
Video 788,687592,24916,177
Video 789,861495,32217,8338
Video 790,175511,1717,6900
Video 791,707564,6743,9899
Video 792,49008,1998,7815
Video 793,777490,30267,9193
Video 794,749906,35242,6915
Video 795,870709,20784,5417
Video 796,49010,24105,9496
Video 797,700062,12312,7229
Video 798,54197,30601,213
Video 799,89996,802,9438
Video 800,256610,8330,6238
Video 801,910030,29392,3657
Video 802,136689,5843,1139
Video 803,420823,25046,5848
Video 804,720131,33668,1391
Video 805,904675,30359,7762
Video 806,860042,37581,2349
Video 807,410098,31289,2783
Video 808,988633,48733,7127
Video 809,839160,9240,1115
Video 810,838097,43840,3550
Video 811,20595,15628,8598
Video 812,284059,6616,4962
Video 813,427086,5279,5504
Video 814,933066,25288,1787
Video 815,939440,28098,1846
Video 816,793925,48212,3306
Video 817,222555,41829,8111
Video 818,726259,17175,1398
Video 819,699887,45193,9859
Video 820,158082,42981,5504
Video 821,979251,39843,4751
Video 822,581349,16495,9804
Video 823,584747,582,9616
Video 824,411896,11735,4689
Video 825,234608,32433,6827
Video 826,565662,9083,8137
Video 827,970096,44012,9659
Video 828,913954,12997,5832
Video 829,607276,39145,4084
Video 830,352554,10876,506
Video 831,611530,23465,2503
Video 832,692594,8320,1621
Video 833,288774,25790,3634
Video 834,397158,1858,1888
Video 835,34269,6239,2180
Video 836,324091,26347,8023
Video 837,805993,31996,8629
Video 838,202308,15666,6737
Video 839,618646,30279,8402
Video 840,413044,6705,8715
Video 841,28097,43275,7584
Video 842,362662,8655,5580
Video 843,882971,30951,5360
Video 844,496457,26008,4038
Video 845,905986,47770,4921
Video 846,739694,16931,5806
Video 847,953057,15819,1135
Video 848,731390,21728,7679
Video 849,44127,21493,6212
Video 850,172663,1443,2886
Video 851,49695,5494,6047
Video 852,385074,6344,3753
Video 853,274011,45431,3225
Video 854,563300,10514,2370
Video 855,406573,21409,5328
Video 856,335677,46883,8667
Video 857,558108,21302,7224
Video 858,16469,25718,4535
Video 859,179744,11632,6507
Video 860,518424,6286,4978
Video 861,206670,21230,9890
Video 862,821780,36162,2857
Video 863,289720,18413,5119
Video 864,374229,30358,7824
Video 865,541748,19207,5689
Video 866,275484,7732,1780
Video 867,163226,13627,8673
Video 868,369197,43244,7008
Video 869,702300,35914,810
Video 870,656927,27720,7086
Video 871,144133,23304,600
Video 872,313961,18790,9052
Video 873,268399,21555,132
Video 874,97182,18671,530
Video 875,26426,20656,3030
Video 876,313336,12881,2986
Video 877,807511,10894,9254
Video 878,323641,42447,1770
Video 879,454858,5976,5337
Video 880,543468,29513,1553
Video 881,69562,7678,4496
Video 882,754112,5015,1019
Video 883,571382,12515,2427
Video 884,971319,19079,3652
Video 885,222694,35220,9764
Video 886,877060,44638,2540
Video 887,457650,13735,5288
Video 888,153255,38635,1974
Video 889,826523,25812,9559
Video 890,232103,36814,1651
Video 891,889493,29156,2175
Video 892,864030,24261,1371
Video 893,762498,11187,1002
Video 894,310888,39533,3716
Video 895,464613,45498,688
Video 896,982754,35580,6161
Video 897,578216,37601,1217
Video 898,510096,34337,6746
Video 899,570850,45183,9478
Video 900,216003,46171,3198
Video 901,700370,42405,2492
Video 902,751413,29235,3173
Video 903,19530,23871,1948
Video 904,192760,37211,2563
Video 905,139081,42220,8314
Video 906,27452,24401,2595
Video 907,299728,47346,1990
Video 908,642789,7408,9759
Video 909,503442,27829,9480
Video 910,970588,43948,1623
Video 911,731420,18360,382
Video 912,399886,16380,2388
Video 913,728804,1542,5888
Video 914,936791,27514,8550
Video 915,690719,45456,8418
Video 916,345301,11916,9585
Video 917,597964,33861,6420
Video 918,348008,38981,4032
Video 919,713477,45237,4565
Video 920,148872,31312,7935
Video 921,218647,23115,5785
Video 922,158957,16331,9017
Video 923,29034,16365,6151
Video 924,865238,21267,9220
Video 925,58466,12127,8944
Video 926,833408,22784,2735
Video 927,593685,632,481
Video 928,508826,46280,9064
Video 929,488211,49452,5577
Video 930,931898,15905,7971
Video 931,296175,39341,5115
Video 932,881394,41120,9660
Video 933,799487,39886,8461
Video 934,20781,1854,5114
Video 935,598353,3045,8102
Video 936,480654,23301,4314
Video 937,102063,47398,4607
Video 938,516608,19675,7336
Video 939,924645,258,8171
Video 940,446020,4681,4370
Video 941,889653,5731,3922
Video 942,760753,12449,5981
Video 943,917304,29063,5519
Video 944,803202,6840,3201
Video 945,273263,39938,2811
Video 946,400175,13588,8287
Video 947,278545,37540,9937
Video 948,817832,44181,341
Video 949,845588,42704,8961
Video 950,904035,32601,7334
Video 951,581109,30081,2787
Video 952,217693,45500,4345
Video 953,411876,39187,5593
Video 954,610937,4769,5335
Video 955,434321,27502,1171
Video 956,868435,29890,8775
Video 957,317562,20600,2113
Video 958,765444,10433,3494
Video 959,690667,33474,973
Video 960,578327,43303,8676
Video 961,481436,44593,8955
Video 962,103624,21779,3411
Video 963,919667,46577,6554
Video 964,869403,49187,7196
Video 965,49165,19798,5321
Video 966,570628,965,7520
Video 967,91971,10484,6080
Video 968,235349,23562,3487
Video 969,872298,32106,9859
Video 970,155519,16043,3217
Video 971,26794,45517,209
Video 972,208788,978,9785
Video 973,167742,4409,5926
Video 974,722873,5369,6958
Video 975,773552,12114,791
Video 976,102732,19895,2648
Video 977,700476,33331,7734
Video 978,453344,34658,5294
Video 979,89237,25693,9044
Video 980,886412,15881,6290
Video 981,480298,18514,8852
Video 982,459255,15962,8224
Video 983,617422,32835,6637
Video 984,618936,16068,6310
Video 985,944798,20659,8637
Video 986,566813,4962,6117
Video 987,499691,21353,3814
Video 988,713093,10582,4150
Video 989,404280,1963,3448
Video 990,71847,1172,4169
Video 991,367534,12983,4608
Video 992,835490,12635,425
Video 993,504083,43249,3400
Video 994,714812,3218,6177
Video 995,670535,40660,8738
Video 996,592933,48276,7797
Video 997,25400,6130,168
Video 998,240852,17990,6224
Video 999,935019,21117,9624
Video 1000,651883,41124,629
Video 1001,351711,34298,1716
Video 1002,130543,11969,7664
Video 1003,443208,6710,2181
Video 1004,899536,45653,2261
Video 1005,524555,10579,2048
Video 1006,977921,29566,8294
Video 1007,722267,8546,8699
Video 1008,870690,38743,8168
Video 1009,99231,14142,6452
Video 1010,899649,2120,3030
Video 1011,18592,2696,8316
Video 1012,208910,19525,4362
Video 1013,12389,25097,6087
Video 1014,567828,1023,8904
Video 1015,772710,48767,4059
Video 1016,716779,48820,2615
Video 1017,573331,23157,6874
Video 1018,832521,12967,2285
Video 1019,651694,22790,3232
Video 1020,692387,49739,3067
Video 1021,620094,9488,9234
Video 1022,531994,14829,172
Video 1023,754974,23522,8810
Video 1024,893311,41527,4553
Video 1025,790409,9935,3394
Video 1026,14858,45002,2533
Video 1027,85815,14392,6028
Video 1028,986857,12995,8784
Video 1029,360152,23456,4466
Video 1030,588180,17941,7579
Video 1031,539500,44756,8949
Video 1032,517749,41995,2714
Video 1033,83265,25085,4935
Video 1034,230452,12754,485
Video 1035,598636,47981,1695
Video 1036,55345,2727,431
Video 1037,748126,9331,2637
Video 1038,368211,6420,6956
Video 1039,750877,42850,9490
Video 1040,885369,45133,3178
Video 1041,846453,20132,3886
Video 1042,67506,47156,7243
Video 1043,153082,44800,4321
Video 1044,655997,15009,1321
Video 1045,197645,41588,6166
Video 1046,442783,47799,8988
Video 1047,27045,19596,8598
Video 1048,434837,39338,6837
Video 1049,981286,40081,5541
Video 1050,679127,26661,4704
Video 1051,591809,14699,8831
Video 1052,816696,11284,7057
Video 1053,305236,40681,4403
Video 1054,996050,9438,6516
Video 1055,866665,10851,95
Video 1056,9470,2033,6425
Video 1057,672346,40175,6684
Video 1058,68701,23872,2920
Video 1059,170223,11455,3337
Video 1060,357918,39066,7446
Video 1061,956498,33112,7232
Video 1062,846631,33653,8856
Video 1063,217889,31070,7750
Video 1064,82649,13918,4439
Video 1065,611244,40639,2381
Video 1066,249733,5096,9005
Video 1067,919506,15005,3375
Video 1068,451748,14628,569
Video 1069,554461,46471,6864
Video 1070,852321,22622,4095
Video 1071,306243,36796,5814
Video 1072,770383,22571,4707
Video 1073,90625,9059,4616
Video 1074,51644,39487,2659
Video 1075,422632,46335,3817
Video 1076,649107,13736,2259
Video 1077,508276,2082,76
Video 1078,507178,46936,1080
Video 1079,993079,19191,8300
Video 1080,514770,12192,4666
Video 1081,290077,17221,3830
Video 1082,633072,35156,372
Video 1083,629479,18166,524
Video 1084,998685,41907,7436
Video 1085,233143,19245,8350
Video 1086,969643,4807,3183
Video 1087,675523,8114,9567
Video 1088,783091,21291,8077
Video 1089,555120,41018,9720
Video 1090,911119,29233,6821
Video 1091,402225,46171,7128
Video 1092,542959,5824,4497
Video 1093,402125,43359,1552
Video 1094,517693,11247,1688
Video 1095,505772,42692,9408
Video 1096,635681,16760,4423
Video 1097,978976,17029,42
Video 1098,359252,45985,480
Video 1099,418536,13958,5261
Video 1100,40088,25002,2276
Video 1101,329247,31971,18
Video 1102,396256,8864,1838
Video 1103,995212,2529,9215
Video 1104,470141,28712,6166
Video 1105,824836,31948,17
Video 1106,469870,46161,2740
Video 1107,108127,35022,551
Video 1108,616224,1666,69
Video 1109,862869,2301,1499
Video 1110,282834,47822,6390
Video 1111,907051,49888,8495
Video 1112,297617,40476,2990
Video 1113,59916,792,80
Video 1114,164814,17758,731
Video 1115,172096,12981,775
Video 1116,396517,26828,9583
Video 1117,316607,27077,5513
Video 1118,685252,7505,308
Video 1119,349701,15603,1558
Video 1120,767153,36531,3396
Video 1121,694598,31392,7515
Video 1122,880733,26451,1115
Video 1123,742901,46951,3508
Video 1124,801994,18179,1098
Video 1125,446278,14461,3496
Video 1126,627743,10799,2856
Video 1127,475558,16943,7042
Video 1128,450913,7775,9235
Video 1129,618012,41364,7958
Video 1130,123624,7214,8667
Video 1131,639749,49735,6737
Video 1132,716775,38012,5554
Video 1133,213350,31819,9186
Video 1134,925021,32764,1303
Video 1135,45772,39147,4442
Video 1136,47574,48911,5550
Video 1137,77271,35525,9898
Video 1138,350117,16422,7582
Video 1139,718584,11278,1953
Video 1140,111385,16350,9628
Video 1141,300986,43190,6313
Video 1142,354889,25535,9054
Video 1143,616960,40819,4717
Video 1144,836575,14236,5827
Video 1145,142771,45508,976
Video 1146,566634,30258,4274
Video 1147,51196,41801,9241
Video 1148,702064,11522,4283
Video 1149,748536,22018,8926
Video 1150,999601,13225,8099
Video 1151,601919,9762,2644
Video 1152,880940,5709,7746
Video 1153,986355,46447,213
Video 1154,70697,42632,7053
Video 1155,543484,33380,6290
Video 1156,460646,2818,1201
Video 1157,112254,15229,6596
Video 1158,59201,16542,2354
Video 1159,625845,8857,268
Video 1160,797305,30659,5194
Video 1161,904103,28286,699
Video 1162,678578,44563,3404
Video 1163,326112,20729,5963
Video 1164,457320,42346,3435
Video 1165,138540,40703,8637
Video 1166,554812,36366,8130
Video 1167,344082,7795,966
Video 1168,809611,43295,9278
Video 1169,825546,21185,1706
Video 1170,850204,34788,3656
Video 1171,302246,738,6404
Video 1172,705708,6470,5948
Video 1173,577529,35004,1394
Video 1174,575551,40925,6695
Video 1175,302924,9882,9050
Video 1176,659347,20015,8590
Video 1177,849820,32889,3183
Video 1178,477096,17785,6820
Video 1179,379319,41687,3253
Video 1180,303260,42169,2950
Video 1181,708473,11280,3848
Video 1182,390116,2637,6840
Video 1183,985555,30077,2251
Video 1184,827597,33740,3371
Video 1185,318693,32734,7089
Video 1186,802005,25944,5698
Video 1187,326424,6843,2118
Video 1188,662694,8959,6667
Video 1189,601203,20111,1193
Video 1190,576169,17515,6412
Video 1191,272678,30763,7101
Video 1192,881420,1280,319
Video 1193,844430,24246,289
Video 1194,2753,47883,462
Video 1195,219894,28868,4310
Video 1196,609095,15155,378
Video 1197,565494,43182,457
Video 1198,495755,4390,2233
Video 1199,766602,11359,2854
Video 1200,69970,10385,6444
Video 1201,227248,10025,118
Video 1202,722271,14589,2310
Video 1203,967140,25777,6550
Video 1204,173735,42073,2565
Video 1205,330092,48454,6157
Video 1206,900371,39359,8066
Video 1207,929515,9928,6923
Video 1208,472395,35424,9796
Video 1209,336372,30184,2342
Video 1210,293481,4194,216
Video 1211,845009,34643,1709
Video 1212,769247,34775,4018
Video 1213,588264,23546,2274
Video 1214,828128,41671,2276
Video 1215,218368,2665,4303
Video 1216,19058,23374,9949
Video 1217,58506,9551,2585
Video 1218,118490,23617,3135
Video 1219,537963,44307,1460
Video 1220,867169,20626,365
Video 1221,217798,17299,1292
Video 1222,802516,17203,5406
Video 1223,720461,16806,6266
Video 1224,113240,41109,7558
Video 1225,249714,22410,1272
Video 1226,393225,32486,4766
Video 1227,690838,15395,3066
Video 1228,699655,5676,4165
Video 1229,876623,26567,4776
Video 1230,785280,26124,1692
Video 1231,413577,15657,2498
Video 1232,74212,17004,4138
Video 1233,611837,2652,8746
Video 1234,891941,5558,6740
Video 1235,16049,33540,2555
Video 1236,934334,38846,8501
Video 1237,282516,47107,8944
Video 1238,682114,17175,4984
Video 1239,193615,3595,4354
Video 1240,428852,13088,6511
Video 1241,99547,3902,7968
Video 1242,113492,27656,4017
Video 1243,358993,16538,2959
Video 1244,387407,30324,3759
Video 1245,4148,26766,3799
Video 1246,77499,48562,7641
Video 1247,651019,16672,5317
Video 1248,861156,40418,6920
Video 1249,994883,39560,317
Video 1250,242320,28715,1191
Video 1251,119826,40639,7185
Video 1252,518842,44977,2000
Video 1253,94966,12395,4587
Video 1254,562910,17912,9597
Video 1255,859654,3968,5113
Video 1256,604690,25125,6933
Video 1257,10882,38232,8581
Video 1258,460540,30153,5433
Video 1259,421118,32690,1682
Video 1260,753310,33047,2302
Video 1261,724845,38270,5650
Video 1262,620643,14759,7742
Video 1263,663103,28633,1746
Video 1264,968079,11214,3681
Video 1265,260597,29614,7043
Video 1266,313363,39966,5802
Video 1267,973473,35587,6054
Video 1268,228682,23270,5769
Video 1269,306563,2258,2680
Video 1270,589000,17672,5205
Video 1271,18866,27871,8274
Video 1272,578545,36217,4457
Video 1273,953092,25250,7574
Video 1274,761714,12408,7345
Video 1275,340068,28577,666
Video 1276,690701,35205,3270
Video 1277,494826,30758,4053
Video 1278,5555,46856,3801
Video 1279,744574,29125,2819
Video 1280,368412,7797,4845
Video 1281,984250,26131,9366
Video 1282,442343,48210,287
Video 1283,755485,30921,9557
Video 1284,967358,35192,2164
Video 1285,892695,24331,6696
Video 1286,952058,43875,1227
Video 1287,932369,8133,806
Video 1288,802008,29581,3505
Video 1289,734808,27844,1432
Video 1290,244599,23748,8388
Video 1291,677020,49427,5611
Video 1292,311723,30245,7566
Video 1293,364194,43765,2838
Video 1294,377284,14958,9101
Video 1295,684191,45898,8712
Video 1296,801071,4787,5016
Video 1297,555111,20543,5347
Video 1298,916510,23758,9446
Video 1299,982091,5188,4468
Video 1300,903525,27683,457
Video 1301,771777,40555,2605
Video 1302,318658,30932,5666
Video 1303,104449,6309,4632
Video 1304,577776,47625,4629
Video 1305,125042,18964,4210
Video 1306,335621,17672,2141
Video 1307,469418,9589,411
Video 1308,779235,17321,5457
Video 1309,98657,23050,3688
Video 1310,562004,33877,315
Video 1311,443854,15573,2308
Video 1312,812154,27008,9338
Video 1313,550533,20838,9487
Video 1314,662694,40621,4424
Video 1315,511016,12648,9091
Video 1316,199602,8676,9104
Video 1317,724443,42893,2828
Video 1318,314341,46496,5893
Video 1319,693172,27025,1846
Video 1320,331177,31813,7417
Video 1321,48056,2144,3790
Video 1322,790050,48974,394
Video 1323,237007,19207,5037
Video 1324,385482,27067,7472
Video 1325,495576,2865,1620
Video 1326,194361,6161,717
Video 1327,588139,6203,8358
Video 1328,932567,27786,3537
Video 1329,691074,16262,3447
Video 1330,558340,2228,5414
Video 1331,276033,38405,4872
Video 1332,852744,18162,8946
Video 1333,273783,22734,2674
Video 1334,607518,32927,796
Video 1335,411847,26629,7453
Video 1336,922507,45864,2047
Video 1337,585409,47648,7952
Video 1338,336933,39817,683
Video 1339,619729,18274,4386
Video 1340,295574,1633,152
Video 1341,683766,22286,3489
Video 1342,745726,31158,2175
Video 1343,203346,14953,3895
Video 1344,171249,45588,3116
Video 1345,640767,3144,195
Video 1346,313383,25469,1597
Video 1347,168095,8624,6900
Video 1348,419505,30384,1368
Video 1349,101067,33524,4729
Video 1350,108970,32829,8125
Video 1351,696788,15180,7491
Video 1352,695868,43586,2634
Video 1353,718442,27829,5998
Video 1354,818438,5322,9623
Video 1355,865867,13629,9505
Video 1356,162720,42676,273
Video 1357,81536,373,1172
Video 1358,456442,10399,648
Video 1359,88138,6392,7958
Video 1360,12726,34042,2131
Video 1361,292328,31132,3781
Video 1362,240043,46820,3847
Video 1363,908181,6508,748
Video 1364,586023,19156,1665
Video 1365,137408,3991,4582
Video 1366,191567,20729,8605
Video 1367,485571,22355,2538
Video 1368,725157,2857,6936
Video 1369,465687,10578,1375
Video 1370,728791,35922,7190
Video 1371,238439,35527,5673
Video 1372,719977,41961,4983
Video 1373,138836,34291,1901
Video 1374,374338,39880,3633
Video 1375,841014,20117,3609
Video 1376,42680,28781,7385
Video 1377,237721,44920,7792
Video 1378,716211,30442,4084
Video 1379,958555,2669,246
Video 1380,816201,8114,1136
Video 1381,49242,19439,5500
Video 1382,532052,26139,8773
Video 1383,733724,9292,4494
Video 1384,697873,2215,7294
Video 1385,320611,27049,2487
Video 1386,688858,32228,2917
Video 1387,662084,17414,9296
Video 1388,878447,6176,1613
Video 1389,911265,44613,6529
Video 1390,347586,17184,5569
Video 1391,440947,9868,5130
Video 1392,644941,40626,6593
Video 1393,556823,5576,2656
Video 1394,571215,6080,9771
Video 1395,944950,37681,9073
Video 1396,116568,25821,384
Video 1397,87588,20487,4592
Video 1398,187147,47911,1166
Video 1399,651311,25669,637
Video 1400,462038,42782,7715
Video 1401,478427,20367,9390
Video 1402,38815,14864,2318
Video 1403,328740,22830,4029
Video 1404,104650,10267,1943
Video 1405,965386,13660,8457
Video 1406,633707,42555,7903
Video 1407,474802,14566,4379
Video 1408,437037,36574,5815
Video 1409,263229,13361,9022
Video 1410,640284,5601,9974
Video 1411,861243,16228,8850
Video 1412,98313,45814,9826
Video 1413,838311,19187,7557
Video 1414,999358,32756,4803
Video 1415,542681,20535,6642
Video 1416,558763,15808,4196
Video 1417,189627,19295,1519
Video 1418,880287,2869,6252
Video 1419,778666,31119,8528
Video 1420,774040,18611,8965
Video 1421,131668,7240,4308
Video 1422,10104,1890,5175
Video 1423,335603,45715,5637
Video 1424,483696,4930,5004
Video 1425,18186,46316,9474
Video 1426,915852,6557,2736
Video 1427,388379,46687,8060
Video 1428,552428,28034,5188
Video 1429,787132,29709,8191
Video 1430,970063,43753,1847
Video 1431,91693,18248,4564
Video 1432,588612,44149,8771
Video 1433,590584,25261,4121
Video 1434,354500,5829,7524
Video 1435,870732,29543,4677
Video 1436,4144,11095,3121
Video 1437,405420,43724,7948
Video 1438,539258,27273,6955
Video 1439,713067,46079,1334
Video 1440,420817,47590,850
Video 1441,50812,41408,5240
Video 1442,317674,1096,1983
Video 1443,134081,28107,5925
Video 1444,164949,4300,267
Video 1445,111525,4976,9912
Video 1446,910440,23298,5541
Video 1447,577892,37470,8988
Video 1448,953438,15362,4743
Video 1449,159659,36608,5679
Video 1450,926115,34293,2548
Video 1451,73870,15465,2013
Video 1452,721869,283,2279
Video 1453,32476,28058,3721
Video 1454,365798,39622,2360
Video 1455,374090,9904,2032
Video 1456,741272,10552,6959
Video 1457,457178,43717,1558
Video 1458,664495,35432,5917
Video 1459,143592,9212,468
Video 1460,175762,4426,4853
Video 1461,64397,12680,4473
Video 1462,134545,40609,7249
Video 1463,618696,48498,5948
Video 1464,594297,43973,3342
Video 1465,20361,38668,8288
Video 1466,940488,45998,6094
Video 1467,925306,37974,7101
Video 1468,319042,43662,2881
Video 1469,375667,45928,3921
Video 1470,549518,30631,2807
Video 1471,791575,22897,2937
Video 1472,474094,31620,845
Video 1473,661601,6574,9646
Video 1474,433290,10024,7547
Video 1475,475077,24160,353
Video 1476,268979,32614,9486
Video 1477,173263,1712,8959
Video 1478,995732,33025,4101
Video 1479,526029,33823,8462
Video 1480,675137,36361,9409
Video 1481,712374,45436,9917
Video 1482,695706,33795,9289
Video 1483,380178,5621,7811
Video 1484,438697,15768,3124
Video 1485,876333,32636,9309
Video 1486,174852,8127,3689
Video 1487,586322,4643,7900
Video 1488,505018,37861,7051
Video 1489,119012,25042,2637
Video 1490,412792,21619,6190
Video 1491,920656,16283,3414
Video 1492,368885,11419,8589
Video 1493,175915,20829,7082
Video 1494,469099,23484,1436
Video 1495,184338,47364,2188
Video 1496,865180,24337,9987
Video 1497,448893,11891,9732
Video 1498,499493,26389,2650
Video 1499,493907,23815,8141
Video 1500,343751,15156,8247
Video 1501,822055,28753,9260
Video 1502,934901,38747,568
Video 1503,895668,25952,2162
Video 1504,460104,13488,6956
Video 1505,573883,45488,3292
Video 1506,54929,21460,7680
Video 1507,99569,37010,508
Video 1508,122690,36243,4105
Video 1509,284714,17447,1800
Video 1510,789805,38931,982
Video 1511,720524,3450,3890
Video 1512,531860,28466,9964
Video 1513,206833,30452,8385
Video 1514,727741,43970,4821
Video 1515,845489,11895,270
Video 1516,655505,38363,982
Video 1517,128490,46938,6717
Video 1518,431624,21335,3961
Video 1519,289809,4848,1976
Video 1520,199140,36701,9330
Video 1521,178742,40307,5506
Video 1522,381937,25396,2424
Video 1523,257402,17500,4242
Video 1524,144895,26754,1238
Video 1525,438679,15716,7092
Video 1526,250679,45033,5969
Video 1527,730788,10157,723
Video 1528,750413,22096,5769
Video 1529,5491,24067,2126
Video 1530,726856,33840,5666
Video 1531,260519,45758,3468
Video 1532,146412,30926,9043
Video 1533,281434,5907,2497
Video 1534,421509,40844,9185
Video 1535,736707,5922,1015
Video 1536,534032,9365,8323
Video 1537,515217,17862,3394
Video 1538,865096,23316,6083
Video 1539,363247,12039,8837
Video 1540,292408,25585,341
Video 1541,907829,8862,8917
Video 1542,551964,11471,81
Video 1543,135453,10402,2754
Video 1544,358304,21716,5025
Video 1545,544159,20723,1130
Video 1546,164122,7889,7435
Video 1547,631074,33775,4278
Video 1548,936429,2619,632
Video 1549,601332,24573,9461
Video 1550,492294,32720,3639
Video 1551,326318,43355,3761
Video 1552,282716,20761,4797
Video 1553,656120,44848,4162
Video 1554,499437,8792,8065
Video 1555,599504,44393,1719
Video 1556,972249,32086,9937
Video 1557,123305,25191,4184
Video 1558,732862,9321,5431
Video 1559,306989,23460,3146
Video 1560,707751,38478,7698
Video 1561,270747,48089,4109
Video 1562,83770,43298,1088
Video 1563,79419,13470,8124
Video 1564,109885,30082,6335
Video 1565,14943,10238,7023
Video 1566,680743,41511,8751
Video 1567,378238,39199,6680
Video 1568,529693,42021,1366
Video 1569,438087,9509,4657
Video 1570,559569,787,9479
Video 1571,878458,28681,2031
Video 1572,722152,1316,5299
Video 1573,188483,15632,3009
Video 1574,915190,14355,2869
Video 1575,434443,13747,6238
Video 1576,870224,38904,706
Video 1577,125464,4621,5336
Video 1578,611316,24121,482
Video 1579,374337,23354,7130
Video 1580,466074,44909,7015
Video 1581,614045,18133,2525
Video 1582,561799,46634,8258
Video 1583,700193,19085,1920
Video 1584,604924,31776,5412
Video 1585,645260,7474,9058
Video 1586,440451,43592,8996
Video 1587,233726,4919,1159
Video 1588,124828,28065,2150
Video 1589,230708,17533,4354
Video 1590,754240,34989,1488
Video 1591,234099,41662,9573
Video 1592,870662,48847,2638
Video 1593,81416,1121,782
Video 1594,879518,22555,5324
Video 1595,865958,8712,3390
Video 1596,308886,34279,2273
Video 1597,291413,15191,8489
Video 1598,248104,24058,4706
Video 1599,485513,17326,8581
Video 1600,48843,8880,9191
Video 1601,573030,6036,5931
Video 1602,477476,29311,7437
Video 1603,681629,31761,3733
Video 1604,559247,38830,1419
Video 1605,250886,31358,9080
Video 1606,40722,13083,7200
Video 1607,593234,6020,2105
Video 1608,359499,36805,5437
Video 1609,328901,10472,1139
Video 1610,728604,34214,4056
Video 1611,316500,32292,1312
Video 1612,305510,19223,6036
Video 1613,946561,34766,6267
Video 1614,368449,48648,8779
Video 1615,593584,7317,9093
Video 1616,636430,41792,1684
Video 1617,783838,38319,7419
Video 1618,394595,36328,797
Video 1619,122824,49990,8979
Video 1620,288458,12177,5710
Video 1621,860550,707,2728
Video 1622,514888,24573,2243
Video 1623,65525,46984,5992
Video 1624,387268,43469,9827
Video 1625,41285,25120,1715
Video 1626,85151,10237,5417
Video 1627,400157,30077,6906
Video 1628,79419,46948,8659
Video 1629,123263,24258,6401
Video 1630,849241,17434,6795
Video 1631,444368,46406,2564
Video 1632,13284,1914,6894
Video 1633,373963,32037,9738
Video 1634,720534,6197,5618
Video 1635,764466,2043,2351
Video 1636,348648,44879,3724
Video 1637,432751,10884,3834
Video 1638,947830,33711,3375
Video 1639,953449,39316,3432
Video 1640,146829,25905,8790
Video 1641,53553,29155,4907
Video 1642,743043,22004,8758
Video 1643,642305,35585,5064
Video 1644,298394,18922,747
Video 1645,430424,9100,4217
Video 1646,823801,28499,5041
Video 1647,991580,48545,2931
Video 1648,462376,25992,5180
Video 1649,111170,42606,7794
Video 1650,178061,39792,9248
Video 1651,217216,19704,4743
Video 1652,229336,3446,7052
Video 1653,445624,33432,2048
Video 1654,71653,8379,6176
Video 1655,347229,27633,3160
Video 1656,123012,45362,3856
Video 1657,962143,33823,7917
Video 1658,14390,9703,7741
Video 1659,792787,34165,6794
Video 1660,875464,8193,5124
Video 1661,967166,27312,6688
Video 1662,307203,43292,8827
Video 1663,71740,16325,7133
Video 1664,274828,40134,1512
Video 1665,206507,27377,6847
Video 1666,775107,35721,1917
Video 1667,210938,45498,9731
Video 1668,389038,49943,885
Video 1669,539574,41250,4230
Video 1670,147977,7428,9268
Video 1671,698648,15471,4073
Video 1672,93302,49518,8913
Video 1673,366500,14286,2522
Video 1674,308044,48749,6701
Video 1675,146311,39044,5338
Video 1676,763223,45073,8490
Video 1677,781399,46147,7573
Video 1678,544941,24380,9801
Video 1679,56495,31575,2570
Video 1680,48939,48025,4503
Video 1681,934792,9573,940
Video 1682,880149,11936,1567
Video 1683,994047,9582,9902
Video 1684,126417,4570,1414
Video 1685,421802,8494,7285
Video 1686,976780,49546,5228
Video 1687,751732,520,2178
Video 1688,873506,43162,2753
Video 1689,704135,8552,2273
Video 1690,280606,31838,8786
Video 1691,589391,4779,6999
Video 1692,324401,1204,8515
Video 1693,135518,29288,2116
Video 1694,204112,10051,7580
Video 1695,110627,19179,1976
Video 1696,969812,42403,6692
Video 1697,985560,15410,8385
Video 1698,773045,7348,222
Video 1699,208498,21630,7186
Video 1700,266304,17913,6372
Video 1701,478625,49169,9998
Video 1702,176746,13328,3570
Video 1703,926836,9923,5794
Video 1704,777844,48007,7449
Video 1705,123304,6280,9297
Video 1706,635345,47436,8642
Video 1707,773072,28081,5668
Video 1708,921429,40085,8406
Video 1709,712516,49499,5845
Video 1710,822378,9142,6023
Video 1711,106603,4286,5004
Video 1712,86380,39334,7429
Video 1713,977134,369,7521
Video 1714,651586,4441,4844
Video 1715,130951,18796,1482
Video 1716,722334,44681,1201
Video 1717,785145,24598,4924
Video 1718,447237,35667,5020
Video 1719,82279,41778,4297
Video 1720,98836,2540,6984
Video 1721,264078,26960,5570
Video 1722,638925,46648,478
Video 1723,324128,29959,9068
Video 1724,209188,7175,4802
Video 1725,520052,38785,7271
Video 1726,781258,49234,5977
Video 1727,595057,15919,9260
Video 1728,963481,25619,8528
Video 1729,683908,9153,3299
Video 1730,870997,40285,9129
Video 1731,118455,43889,1627
Video 1732,421228,45521,1016
Video 1733,894599,1141,7936
Video 1734,538105,9154,1898
Video 1735,800875,2287,9338
Video 1736,433828,29066,6568
Video 1737,441600,35188,855
Video 1738,758264,27240,7471
Video 1739,993548,28963,141
Video 1740,829197,13935,4272
Video 1741,190868,45002,9115
Video 1742,654413,31894,1351
Video 1743,213840,34556,4226
Video 1744,420084,23424,8687
Video 1745,899656,36693,9851
Video 1746,234447,33309,5412
Video 1747,382828,28072,9208
Video 1748,936614,37850,9022
Video 1749,683127,21535,3985
Video 1750,722932,36215,4704
Video 1751,8528,29830,7203
Video 1752,190665,17509,3520
Video 1753,450682,31723,4929
Video 1754,946559,42275,1827
Video 1755,740640,26097,144
Video 1756,82101,8064,9373
Video 1757,760048,46661,4704
Video 1758,704747,24609,4214
Video 1759,54445,1808,4154
Video 1760,873879,22843,9899
Video 1761,527238,14796,2683
Video 1762,140225,28541,8867
Video 1763,616215,36101,255
Video 1764,872334,25145,1510
Video 1765,171628,34812,7281
Video 1766,643515,38474,9110
Video 1767,666420,47556,8949
Video 1768,837663,249,2709
Video 1769,719302,45873,7673
Video 1770,236173,44053,2113
Video 1771,886399,12343,9171
Video 1772,182659,12315,8917
Video 1773,850827,19976,9794
Video 1774,418512,43637,9263
Video 1775,786472,37239,4097
Video 1776,442038,16163,1957
Video 1777,187822,19311,3045
Video 1778,325256,39151,9755
Video 1779,338521,34432,8410
Video 1780,137745,8783,1455
Video 1781,684540,41251,1777
Video 1782,817426,38081,8202
Video 1783,306984,17398,1249
Video 1784,620492,6955,2956
Video 1785,41102,15533,7150
Video 1786,609247,22400,8820
Video 1787,155534,20627,3982
Video 1788,538361,30553,1200
Video 1789,390364,14821,3101
Video 1790,732000,37572,5364
Video 1791,373260,18762,82
Video 1792,520083,1832,4081
Video 1793,532066,34151,7835
Video 1794,132348,8948,4932
Video 1795,561152,22632,2161
Video 1796,613555,43947,7833
Video 1797,753092,44019,9034
Video 1798,329081,33543,3590
Video 1799,311290,38548,6735
Video 1800,79698,46610,9813
Video 1801,677457,36283,6672
Video 1802,36109,24907,7627
Video 1803,747754,21823,8295
Video 1804,95664,23743,1973
Video 1805,648195,33894,9423
Video 1806,790487,1443,8374
Video 1807,68855,24396,3895
Video 1808,968157,11519,7822
Video 1809,353932,36209,5105
Video 1810,482149,31057,7385
Video 1811,702411,33715,2656
Video 1812,797674,7183,4829
Video 1813,437722,17696,2593
Video 1814,551199,40787,7542
Video 1815,391000,40695,2182
Video 1816,516090,35170,6521
Video 1817,905195,39327,8035
Video 1818,91878,19741,5584
Video 1819,695055,10622,4655
Video 1820,989452,31637,2907
Video 1821,158922,30031,6145
Video 1822,134209,12957,8482
Video 1823,448293,36916,4300
Video 1824,755123,38623,4449
Video 1825,983109,35193,1941
Video 1826,176452,48764,2308
Video 1827,895265,922,2102
Video 1828,683455,27747,9310
Video 1829,918803,32979,3948
Video 1830,599350,48125,5291
Video 1831,538746,42095,1532
Video 1832,834043,9973,5549
Video 1833,45717,21445,6517
Video 1834,251657,48147,1798
Video 1835,967330,35504,1816
Video 1836,337937,12551,6327
Video 1837,120515,46035,9323
Video 1838,432434,5004,5689
Video 1839,968050,43180,9887
Video 1840,462350,17529,2993
Video 1841,858992,37071,1536
Video 1842,904733,23719,3835
Video 1843,566083,27733,6307
Video 1844,942974,48934,5268
Video 1845,471236,18935,6689
Video 1846,829827,16019,7542
Video 1847,781181,27807,780
Video 1848,232138,45667,2976
Video 1849,428079,35797,7017
Video 1850,924038,42943,3990
Video 1851,28638,2417,2783
Video 1852,273570,6844,3786
Video 1853,327883,12339,4867
Video 1854,848588,16960,9109
Video 1855,40869,29134,345
Video 1856,330467,29431,949
Video 1857,872615,33004,2812
Video 1858,624647,33126,3223
Video 1859,925953,35565,5866
Video 1860,375508,12777,7338
Video 1861,462676,620,2440
Video 1862,340843,11160,4109
Video 1863,629607,43460,2274
Video 1864,842922,20194,9041
Video 1865,250015,48417,7435
Video 1866,99392,153,7935
Video 1867,738330,47066,9532
Video 1868,582238,27207,9036
Video 1869,935366,45415,6917
Video 1870,358112,20982,346
Video 1871,880228,3903,2465
Video 1872,781277,9684,4589
Video 1873,969540,26266,1646
Video 1874,147114,24404,7846
Video 1875,282079,31534,1085
Video 1876,819727,39906,4439
Video 1877,741555,48303,6145
Video 1878,242541,34122,2965
Video 1879,195345,17807,5074
Video 1880,546990,29456,820
Video 1881,577088,6920,5043
Video 1882,260825,14675,6046
Video 1883,448084,41317,6380
Video 1884,914538,35574,4063
Video 1885,679718,5167,1258
Video 1886,218492,47321,3008
Video 1887,738918,29377,2125
Video 1888,741363,22921,86
Video 1889,100337,18488,5136
Video 1890,315049,17670,9149
Video 1891,214452,26407,9380
Video 1892,142593,16227,8361
Video 1893,229382,20922,5014
Video 1894,949650,4680,6241
Video 1895,82651,6554,6437
Video 1896,372649,13216,4800
Video 1897,111737,44831,5014
Video 1898,561802,26098,3757
Video 1899,101593,21372,1875
Video 1900,276315,49602,2410
Video 1901,984078,42317,7222
Video 1902,581094,10025,2939
Video 1903,976134,34595,9142
Video 1904,793981,13120,8780
Video 1905,316869,6244,3156
Video 1906,905653,32262,4197
Video 1907,953728,2355,9032
Video 1908,32850,3489,2138
Video 1909,477808,30061,5445
Video 1910,196121,31788,1295
Video 1911,495501,44954,3209
Video 1912,882569,6159,798
Video 1913,557476,33001,1458
Video 1914,572110,20950,3930
Video 1915,849694,41622,3461
Video 1916,620873,47404,1400
Video 1917,716697,5562,3642
Video 1918,621624,32381,8758
Video 1919,544396,18421,9453
Video 1920,296241,19609,8372
Video 1921,465551,12458,5076
Video 1922,238256,43725,4932
Video 1923,822908,46171,7860
Video 1924,54083,6604,42
Video 1925,131057,10439,4793
Video 1926,983386,44886,7094
Video 1927,537714,45755,8487
Video 1928,363683,25225,5775
Video 1929,700995,34994,8957
Video 1930,967137,34882,7810
Video 1931,611326,12420,2327
Video 1932,386024,2456,4381
Video 1933,760836,32840,1806
Video 1934,165324,46413,5023
Video 1935,430665,2539,3914
Video 1936,429620,1827,7525
Video 1937,373716,12327,7569
Video 1938,569249,19598,8729
Video 1939,738738,38846,4921
Video 1940,735300,33191,6003
Video 1941,876136,26821,1322
Video 1942,649842,49682,9671
Video 1943,785859,49193,708
Video 1944,577351,22610,1160
Video 1945,940660,43286,7479
Video 1946,733374,12304,5187
Video 1947,906084,21192,1643
Video 1948,564414,13610,7014
Video 1949,588337,20228,6629
Video 1950,433221,32401,549
Video 1951,357317,26786,5560
Video 1952,189335,29771,945
Video 1953,285174,3394,1868
Video 1954,952560,42616,2705
Video 1955,288556,11545,6534
Video 1956,610405,8710,1077
Video 1957,83950,3287,9444
Video 1958,230532,4842,3368
Video 1959,281103,18063,3410
Video 1960,699522,42119,1789
Video 1961,493450,48429,1528
Video 1962,554550,15711,2360
Video 1963,846876,22636,7203
Video 1964,218459,44063,3528
Video 1965,988417,21413,8745
Video 1966,114908,8273,1131
Video 1967,846675,29947,9665
Video 1968,667674,37375,4218
Video 1969,568999,39499,2926
Video 1970,804305,14456,7337
Video 1971,507667,23749,6391
Video 1972,948733,38560,8657
Video 1973,758089,15005,7856
Video 1974,723334,38248,1779
Video 1975,898422,39580,9970
Video 1976,513476,17215,1828
Video 1977,696185,20592,4220
Video 1978,816332,32234,9265
Video 1979,314657,6297,4030
Video 1980,441518,45734,4963
Video 1981,104329,6339,7471
Video 1982,846598,40926,4322
Video 1983,227209,13999,7640
Video 1984,91437,13242,165
Video 1985,310054,197,7295
Video 1986,808500,29911,4506
Video 1987,341098,41373,5374
Video 1988,353005,48291,3640
Video 1989,341363,44236,7523
Video 1990,317126,30052,3918
Video 1991,566019,47493,1409
Video 1992,278573,38767,6024
Video 1993,614108,841,3580
Video 1994,377833,9422,4129
Video 1995,310572,47440,2895
Video 1996,458646,29893,1777
Video 1997,695122,25371,2164
Video 1998,141026,3343,5520
Video 1999,770421,27274,6920
Video 2000,213879,44303,4909
Video 2001,332265,46793,6669
Video 2002,685611,5894,3356
Video 2003,144957,46772,9943
Video 2004,883037,35636,9475
Video 2005,883549,26666,8710
Video 2006,898895,14153,5900
Video 2007,348986,34884,5977
Video 2008,613854,36150,1290
Video 2009,390122,35132,918
Video 2010,443628,8134,9051
Video 2011,932479,34045,860
Video 2012,549153,37827,1386
Video 2013,179884,47763,8633
Video 2014,298164,43819,7991
Video 2015,462817,47831,664
Video 2016,868989,13993,9329
Video 2017,926882,31949,6064
Video 2018,167647,47050,8124
Video 2019,114581,45512,7231
Video 2020,348785,27266,3155
Video 2021,449166,25057,8078
Video 2022,731142,6915,8883
Video 2023,25947,30317,8477
Video 2024,550546,14047,7470
Video 2025,423430,38503,6361
Video 2026,640972,13215,5057
Video 2027,429566,24044,6609
Video 2028,486636,15360,6695
Video 2029,385079,34391,1059
Video 2030,283946,23473,4471
Video 2031,979388,11867,603
Video 2032,669837,42214,8072
Video 2033,946217,2100,2625
Video 2034,741512,14802,8883
Video 2035,84162,35417,8446
Video 2036,790550,19876,2951
Video 2037,168988,39237,114
Video 2038,398071,6397,3208
Video 2039,41770,16644,2403
Video 2040,635369,27195,502
Video 2041,699172,16305,1823
Video 2042,909129,4995,7141
Video 2043,773677,28263,6120
Video 2044,265535,8230,5063
Video 2045,420117,35275,1836
Video 2046,11221,25210,9356
Video 2047,913752,39159,237
Video 2048,367260,28861,6826
Video 2049,102531,42220,7737
Video 2050,916953,25927,2421
Video 2051,421072,6040,1830
Video 2052,921733,17838,1408
Video 2053,826478,39200,4073
Video 2054,405502,27423,7380
Video 2055,668134,35164,3974
Video 2056,31081,8803,5462
Video 2057,709185,20224,108
Video 2058,537422,6764,945
Video 2059,942544,15052,1063
Video 2060,907700,23368,714
Video 2061,510909,2250,4685
Video 2062,318152,47838,2158
Video 2063,748056,32621,1405
Video 2064,30875,48392,590
Video 2065,160140,18467,9730
Video 2066,707830,23680,5000
Video 2067,22370,23760,4040
Video 2068,906678,1707,700
Video 2069,734626,17512,6917
Video 2070,938008,25071,7640
Video 2071,681254,26064,6968
Video 2072,547904,10688,9688
Video 2073,914893,28831,1702
Video 2074,135661,24312,5440
Video 2075,523017,343,7438
Video 2076,218755,46658,9550
Video 2077,451825,15872,1926
Video 2078,190550,6676,3516
Video 2079,548602,31679,5109
Video 2080,662420,20444,5169
Video 2081,458953,6066,6784
Video 2082,439185,9381,3367
Video 2083,20267,46514,3309
Video 2084,6104,24706,7634
Video 2085,713664,21224,2230
Video 2086,284064,14031,4357
Video 2087,556426,46354,8086
Video 2088,555697,28678,1248
Video 2089,76014,17461,9817
Video 2090,998590,13749,9130
Video 2091,667213,3192,5279
Video 2092,611948,42958,1031
Video 2093,869386,6919,1609
Video 2094,431536,2442,4934
Video 2095,169729,46148,4397
Video 2096,842738,42309,694
Video 2097,494636,27584,5950
Video 2098,154186,47189,3848
Video 2099,714307,12222,1494
Video 2100,819290,46163,8354
Video 2101,243564,44232,691
Video 2102,179913,29750,4310
Video 2103,936242,13708,2187
Video 2104,600029,46340,5805
Video 2105,695381,24954,6706
Video 2106,769968,1771,9349
Video 2107,836963,9906,9249
Video 2108,184540,42781,829
Video 2109,863817,7983,6087
Video 2110,40605,5961,6698
Video 2111,438471,48129,2165
Video 2112,465349,15277,5382
Video 2113,424255,45225,7087
Video 2114,966371,10244,2371
Video 2115,67741,10001,2509
Video 2116,798170,35874,7866
Video 2117,655497,31080,1751
Video 2118,22246,46900,1382
Video 2119,785472,37979,3878
Video 2120,329032,8874,4504
Video 2121,965376,3276,180
Video 2122,681251,40619,7527
Video 2123,697874,14654,6689
Video 2124,715496,15148,7697
Video 2125,868505,49630,8332
Video 2126,124965,7087,9432
Video 2127,749260,38697,6784
Video 2128,987501,43465,5579
Video 2129,553598,14042,4208
Video 2130,442299,23303,8599
Video 2131,461638,1367,1209
Video 2132,916860,116,6585
Video 2133,121573,41962,7362
Video 2134,749315,24260,3494
Video 2135,844990,14122,7264
Video 2136,732531,33681,7289
Video 2137,764257,43426,718
Video 2138,376426,11434,2886
Video 2139,707394,35263,9185
Video 2140,107557,29033,2064
Video 2141,725415,2215,6171
Video 2142,549913,16355,9056
Video 2143,820285,24550,6240
Video 2144,129345,22132,8457
Video 2145,953883,5665,9532
Video 2146,388703,24455,9903
Video 2147,447668,43080,6682
Video 2148,22623,47323,115
Video 2149,612667,12709,2575
Video 2150,888992,49137,3798
Video 2151,421901,36885,6030
Video 2152,975351,45193,5821
Video 2153,539561,29412,1163
Video 2154,6772,29160,1806
Video 2155,735253,45194,3713
Video 2156,941342,29470,997
Video 2157,891133,13128,7431
Video 2158,232973,43666,8088
Video 2159,320668,28941,5484
Video 2160,141606,2930,3902
Video 2161,492013,1132,5437
Video 2162,354866,2353,5587
Video 2163,205714,38199,6720
Video 2164,626030,13800,2696
Video 2165,524219,21765,6573
Video 2166,76874,4051,5244
Video 2167,320598,17162,4904
Video 2168,156657,17590,3454
Video 2169,337962,3337,3983
Video 2170,786206,20412,6961
Video 2171,983375,24874,1963
Video 2172,400260,43301,5842
Video 2173,927505,35235,7499
Video 2174,207573,3144,263
Video 2175,652148,4579,4505
Video 2176,240334,11089,9244
Video 2177,554132,1104,808
Video 2178,70596,37172,2601
Video 2179,431333,34048,1061
Video 2180,532517,29680,8980
Video 2181,545799,24496,3046
Video 2182,39149,23614,8118
Video 2183,558855,28201,7527
Video 2184,815681,19771,3838
Video 2185,209547,26853,7334
Video 2186,219900,43910,950
Video 2187,179687,4419,2209
Video 2188,616085,42367,2118
Video 2189,994099,22121,8024
Video 2190,870367,11873,6022
Video 2191,179092,49620,7355
Video 2192,92066,35911,4142
Video 2193,26532,40604,2499
Video 2194,957400,40884,6026
Video 2195,106792,48308,4664
Video 2196,440214,33409,6863
Video 2197,300448,21189,8606
Video 2198,468512,773,7992
Video 2199,747524,36581,2560
Video 2200,225571,26537,4696
Video 2201,59531,14817,156
Video 2202,222146,39571,7779
Video 2203,274871,39657,9566
Video 2204,360805,32984,47
Video 2205,9693,36464,5377
Video 2206,427496,16316,2634
Video 2207,881720,13875,8717
Video 2208,811796,36248,1625
Video 2209,534605,12119,4576
Video 2210,862695,47604,7880
Video 2211,560282,17426,3691
Video 2212,46660,32117,7914
Video 2213,417941,40519,5128
Video 2214,559155,34109,9450
Video 2215,191113,48648,2599
Video 2216,706944,687,611
Video 2217,520160,18830,2401
Video 2218,660809,1012,4140
Video 2219,214623,21835,9258
Video 2220,157385,3414,2621
Video 2221,865241,31975,4921
Video 2222,385448,34147,8231
Video 2223,985183,11287,3556
Video 2224,69082,18267,2488
Video 2225,501925,10926,3333
Video 2226,107038,21222,3256
Video 2227,366658,45636,6647
Video 2228,772119,26136,3529
Video 2229,567652,5152,342
Video 2230,698544,22443,6339
Video 2231,345580,38375,9578
Video 2232,738647,38841,3376
Video 2233,899907,13815,6105
Video 2234,661564,9095,3610
Video 2235,73494,49310,3450
Video 2236,567591,24376,1933
Video 2237,956596,40180,8194
Video 2238,569257,27763,3648
Video 2239,914481,37868,635
Video 2240,486842,10608,4921
Video 2241,265116,18071,5500
Video 2242,283178,39994,4276
Video 2243,888021,30864,6722
Video 2244,236196,16561,5399
Video 2245,530625,16543,8595
Video 2246,304618,25455,328
Video 2247,712866,43684,5079
Video 2248,442577,41093,7587
Video 2249,114552,19181,1338
Video 2250,629132,15299,5792
Video 2251,317510,5617,6983
Video 2252,370431,39650,7061
Video 2253,55735,21421,3747
Video 2254,795344,31880,9146
Video 2255,18712,4349,6999
Video 2256,239641,30032,519
Video 2257,360444,25246,9082
Video 2258,939375,7436,5342
Video 2259,151391,47234,2609
Video 2260,509054,33435,905
Video 2261,480872,16341,1142
Video 2262,551890,3479,6617
Video 2263,748001,4353,6999
Video 2264,659401,38649,4990
Video 2265,21935,9897,8835
Video 2266,911930,25432,7005
Video 2267,578310,311,5577
Video 2268,849696,9434,3070
Video 2269,764382,44509,6456
Video 2270,71819,19168,2742
Video 2271,763043,3944,7633
Video 2272,70182,20060,1136
Video 2273,393374,26850,8719
Video 2274,964093,30285,6107
Video 2275,440632,45087,1242
Video 2276,713082,30327,6925
Video 2277,412515,41800,1346
Video 2278,792346,6927,7985
Video 2279,589194,32250,7853
Video 2280,337920,48059,3344
Video 2281,111523,48819,30
Video 2282,819325,11822,6091
Video 2283,374955,32793,9319
Video 2284,788049,9759,9558
Video 2285,783951,41978,3072
Video 2286,143480,36654,9401
Video 2287,514793,16075,8933
Video 2288,850433,10833,2917
Video 2289,543567,33272,6157
Video 2290,766475,5767,2563
Video 2291,278056,4568,4956
Video 2292,482377,31161,6769
Video 2293,428025,24399,8402
Video 2294,152385,3193,2127
Video 2295,53156,43225,169
Video 2296,266291,3662,4892
Video 2297,343599,17388,1918
Video 2298,585312,4241,3081
Video 2299,921989,38877,7492
Video 2300,646614,20120,9439
Video 2301,774389,29792,3066
Video 2302,614084,37758,6555
Video 2303,121197,41679,5360
Video 2304,393095,46869,9950
Video 2305,32867,10543,1556
Video 2306,8387,1224,3796
Video 2307,580112,24213,185
Video 2308,874571,49660,3076
Video 2309,848617,39842,8758
Video 2310,173028,9842,3366
Video 2311,655307,26764,2849
Video 2312,619583,29497,6681
Video 2313,298305,12359,7939
Video 2314,307821,17320,2346
Video 2315,489188,22600,7343
Video 2316,989164,43879,2555
Video 2317,907510,36901,4680
Video 2318,307890,14815,4223
Video 2319,448225,35844,9395
Video 2320,4785,25210,8758
Video 2321,153129,18916,1543
Video 2322,639192,32967,4563
Video 2323,150695,22445,8536
Video 2324,611951,20944,7282
Video 2325,258949,23810,2146
Video 2326,840101,210,5332
Video 2327,721341,11463,270
Video 2328,346770,19275,7265
Video 2329,5193,45407,5074
Video 2330,869885,6285,2575
Video 2331,486183,29246,6253
Video 2332,997046,45295,1497
Video 2333,314282,12172,3821
Video 2334,521929,32051,4281
Video 2335,452156,27277,4185
Video 2336,436205,19917,376
Video 2337,407191,22229,6582
Video 2338,926689,606,2336
Video 2339,310983,33226,8054
Video 2340,465400,39901,1207
Video 2341,438520,24863,2792
Video 2342,344880,3069,6632
Video 2343,248446,43323,3890
Video 2344,165462,21132,939
Video 2345,87374,38624,1476
Video 2346,232112,47835,6674
Video 2347,765084,18734,2164
Video 2348,586274,31803,6631
Video 2349,230690,38985,7749
Video 2350,360085,10201,7548
Video 2351,542498,36344,3764
Video 2352,251494,2755,6604
Video 2353,780424,44683,2217
Video 2354,409058,21011,1473
Video 2355,691963,9437,6753
Video 2356,242951,49581,4642
Video 2357,589790,47664,2150
Video 2358,984899,25816,6497
Video 2359,532405,34660,8514
Video 2360,50209,38258,6256
Video 2361,686411,7304,3947
Video 2362,674967,21800,2232
Video 2363,111680,26492,3702
Video 2364,88107,9661,8482
Video 2365,343420,5483,3809
Video 2366,950540,8363,9058
Video 2367,723164,22808,3714
Video 2368,84703,36886,3112
Video 2369,240866,39372,3807
Video 2370,356623,1884,9881
Video 2371,299986,15876,6697
Video 2372,195202,24992,9531
Video 2373,754221,2146,6777
Video 2374,810957,7104,2218
Video 2375,981053,11059,7715
Video 2376,466721,26828,1269
Video 2377,145568,25596,5306
Video 2378,243135,28062,4465
Video 2379,657430,34319,5878
Video 2380,924405,23124,7591
Video 2381,833347,37338,9042
Video 2382,196883,32211,932
Video 2383,166589,42353,8191
Video 2384,96285,40403,3301
Video 2385,88265,28088,7335
Video 2386,103794,48964,180
Video 2387,647532,24062,5746
Video 2388,916825,35959,440
Video 2389,506852,21652,5982
Video 2390,221965,9800,2752
Video 2391,167002,20877,9254
Video 2392,187787,41547,4935
Video 2393,831935,1461,334
Video 2394,94695,20318,5396
Video 2395,749504,6574,3041
Video 2396,925289,40886,117
Video 2397,672358,29758,6213
Video 2398,790500,29131,4571
Video 2399,502688,3121,8307
Video 2400,420899,12622,1661
Video 2401,585490,3396,7411
Video 2402,693625,24388,2308
Video 2403,218494,11623,2481
Video 2404,863316,36940,189
Video 2405,863095,7339,9938
Video 2406,671897,26325,9465
Video 2407,742625,25571,4593
Video 2408,418542,12659,7007
Video 2409,909259,46117,7285
Video 2410,309618,10595,6336
Video 2411,495724,2658,78
Video 2412,479294,45358,5346
Video 2413,45194,48747,7767
Video 2414,854374,21634,7843
Video 2415,116188,10514,3432
Video 2416,588163,10452,4414
Video 2417,919793,9011,254
Video 2418,482710,33846,9468
Video 2419,790048,39746,1176
Video 2420,706424,45188,5395
Video 2421,249886,1309,4612
Video 2422,941861,24895,9897
Video 2423,692076,38668,4472
Video 2424,955482,48727,2132
Video 2425,193179,21005,2465
Video 2426,784079,11786,7950
Video 2427,662326,41576,5372
Video 2428,150484,24342,6624
Video 2429,971447,5663,9268
Video 2430,739479,11581,7986
Video 2431,483919,18568,6649
Video 2432,572418,30039,6563
Video 2433,717868,27992,8813
Video 2434,419872,1809,4109
Video 2435,910662,46181,2852
Video 2436,889051,17871,7268
Video 2437,516164,49904,1016
Video 2438,560458,45159,7119
Video 2439,274976,18384,5418
Video 2440,640600,14743,45
Video 2441,658196,1919,1826
Video 2442,21212,5492,1963
Video 2443,681889,5923,7125
Video 2444,196014,24218,2040
Video 2445,383428,3251,3395
Video 2446,636401,15181,6572
Video 2447,322404,28884,1961
Video 2448,857318,27835,9968
Video 2449,691516,2738,7829
Video 2450,284948,18414,1427
Video 2451,196963,37289,8505
Video 2452,933177,11464,2334
Video 2453,487791,39445,6736
Video 2454,800548,48709,3626
Video 2455,623315,6432,8462
Video 2456,666540,39255,6246
Video 2457,391224,37774,6284
Video 2458,989379,9862,741
Video 2459,291401,33876,368
Video 2460,332423,2212,1620
Video 2461,361364,3065,1990
Video 2462,287542,1310,2092
Video 2463,730385,43141,5224
Video 2464,979645,35596,1816
Video 2465,128412,36863,1450
Video 2466,431954,37314,378
Video 2467,486929,46176,4850
Video 2468,436473,33477,9745
Video 2469,865706,12310,7536
Video 2470,151127,6742,9827
Video 2471,996237,43122,4586
Video 2472,658243,37384,8894
Video 2473,939683,5523,6765
Video 2474,398240,40014,8996
Video 2475,756586,45478,8741
Video 2476,92512,7451,6487
Video 2477,268422,21124,1073
Video 2478,394374,37175,2752
Video 2479,901811,38756,2280
Video 2480,509209,13846,5398
Video 2481,531785,43136,4170
Video 2482,779121,22773,5846
Video 2483,426904,32096,6897
Video 2484,664718,38877,1413
Video 2485,599832,12663,6514
Video 2486,234645,47129,3625
Video 2487,47748,23124,5040
Video 2488,978583,20383,1509
Video 2489,321454,38168,7963
Video 2490,551108,12822,6707
Video 2491,321012,15073,2191
Video 2492,690332,44572,9056
Video 2493,664406,47967,2220
Video 2494,271663,6350,773
Video 2495,296217,18342,5189
Video 2496,318034,43917,3014
Video 2497,344612,17519,3286
Video 2498,689631,30862,9325
Video 2499,134137,22546,3292
Video 2500,676167,10521,4828
Video 2501,474622,33022,63
Video 2502,102295,11722,9798
Video 2503,40285,44185,5941
Video 2504,867250,960,8622
Video 2505,695222,44449,1596
Video 2506,21240,17080,5258
Video 2507,681419,12683,656
Video 2508,665785,23461,5097
Video 2509,553347,26144,4963
Video 2510,693941,31794,8257
Video 2511,929458,25222,981
Video 2512,606048,9952,9653
Video 2513,521634,24350,8531
Video 2514,423291,33873,5631
Video 2515,894101,44827,5472
Video 2516,970267,20117,198
Video 2517,965126,6670,5332
Video 2518,807213,44815,6761
Video 2519,567640,2957,7538
Video 2520,629760,41730,5660
Video 2521,842186,13879,268
Video 2522,130197,7361,7900
Video 2523,771413,46141,8241
Video 2524,593393,22376,7553
Video 2525,176683,44907,1246
Video 2526,313180,2825,7062
Video 2527,472259,19169,1164
Video 2528,280936,17833,3668
Video 2529,964756,5531,5623
Video 2530,701868,10822,7627
Video 2531,904804,28410,7891
Video 2532,589305,387,8523
Video 2533,8826,9543,6999
Video 2534,717023,25992,6867
Video 2535,946786,25270,7657
Video 2536,856829,44108,8568
Video 2537,784031,48778,7477
Video 2538,171985,36626,263
Video 2539,197668,777,5036
Video 2540,527404,3566,2489
Video 2541,196075,11521,3848
Video 2542,292084,11648,235
Video 2543,717070,25196,2283
Video 2544,610885,23168,1902
Video 2545,553811,37429,6203
Video 2546,724257,38369,3943
Video 2547,457955,31354,566
Video 2548,264603,42179,2240
Video 2549,525895,38926,9451
Video 2550,436837,4167,2915
Video 2551,301018,35239,8518
Video 2552,805019,10701,1954
Video 2553,584476,33324,8435
Video 2554,885654,43004,6041
Video 2555,302341,39983,94
Video 2556,468840,29064,2043
Video 2557,280572,11222,1629
Video 2558,24621,29867,74
Video 2559,146268,43471,8096
Video 2560,957412,6944,7854
Video 2561,568606,5745,4812
Video 2562,992966,23419,8580
Video 2563,440609,8167,1370
Video 2564,45022,11939,2738
Video 2565,952719,49725,2890
Video 2566,483302,40183,5265
Video 2567,686713,27883,7473
Video 2568,301299,27099,9104
Video 2569,36365,31421,2406
Video 2570,29340,34390,5324
Video 2571,687683,39121,1303
Video 2572,788950,30595,8904
Video 2573,406391,49477,9519
Video 2574,539894,45891,3330
Video 2575,583071,11451,6856
Video 2576,239376,9154,3716
Video 2577,274560,42934,5452
Video 2578,631698,23730,7226
Video 2579,648567,22217,7148
Video 2580,954966,12092,3623
Video 2581,652740,1636,7919
Video 2582,291891,31355,4435
Video 2583,678294,10209,5982
Video 2584,811794,14805,6486
Video 2585,240770,34265,6128
Video 2586,348718,41638,9286
Video 2587,945233,12692,5231
Video 2588,814175,25865,4601
Video 2589,190743,26330,7486
Video 2590,306065,39428,5673
Video 2591,662888,17653,76
Video 2592,142103,23440,287
Video 2593,600754,41119,86
Video 2594,401550,3400,7052
Video 2595,983742,20380,7688
Video 2596,197952,20919,2018
Video 2597,715155,11960,8762
Video 2598,423652,21384,5889
Video 2599,658703,39366,8586
Video 2600,691392,24129,2415
Video 2601,855942,46284,723
Video 2602,170471,2139,3081
Video 2603,754402,29155,1558
Video 2604,295770,26623,2807
Video 2605,76529,7323,9366
Video 2606,413543,29158,2169
Video 2607,385369,26987,9639
Video 2608,890498,19893,5778
Video 2609,403574,40819,4557
Video 2610,89024,19977,8015
Video 2611,348832,41600,645
Video 2612,539411,1905,1931
Video 2613,704309,1699,7664
Video 2614,415249,42346,2927
Video 2615,677854,27081,2324
Video 2616,86442,46030,2525
Video 2617,173634,37654,7466
Video 2618,374158,15234,7184
Video 2619,400750,34978,4224
Video 2620,636909,29587,2741
Video 2621,642194,22688,815
Video 2622,168485,26289,1682
Video 2623,964453,22741,9069
Video 2624,758495,47930,3316
Video 2625,916874,26019,3141
Video 2626,925863,39819,7844
Video 2627,515901,12791,3636
Video 2628,292592,22041,6127
Video 2629,983814,18597,8545
Video 2630,779724,39390,7747
Video 2631,97357,26791,714
Video 2632,350143,17090,3889
Video 2633,411055,14018,2119
Video 2634,217484,32924,1568
Video 2635,33776,40964,7032
Video 2636,380775,1982,6778
Video 2637,559134,6848,9679
Video 2638,759827,43379,9340
Video 2639,231405,34027,7834
Video 2640,132828,5937,7606
Video 2641,977617,43861,4224
Video 2642,927105,42836,5799
Video 2643,811640,34275,8505
Video 2644,953991,10255,249
Video 2645,342829,11691,838
Video 2646,859116,32674,5026
Video 2647,886547,2057,7210
Video 2648,837800,5869,8115
Video 2649,354465,13482,4445
Video 2650,484699,3580,7001
Video 2651,393519,12395,2150
Video 2652,484625,3754,7440
Video 2653,191061,46838,4308
Video 2654,494744,44075,5769
Video 2655,135725,7531,4488
Video 2656,477753,37457,3473
Video 2657,155300,49820,487
Video 2658,343383,30310,4099
Video 2659,132906,10887,1934
Video 2660,476440,5707,4589
Video 2661,91060,3842,1842
Video 2662,46618,29592,1428
Video 2663,648851,35617,4905
Video 2664,209333,36187,7348
Video 2665,930400,3198,1854
Video 2666,271441,31948,1194
Video 2667,366681,18689,5068
Video 2668,788167,32284,6593
Video 2669,459642,13330,2618
Video 2670,938456,45906,7591
Video 2671,962249,5138,2249
Video 2672,156927,14145,641
Video 2673,496153,19639,1549
Video 2674,745816,20065,8692
Video 2675,445273,9267,5529
Video 2676,246401,46906,4692
Video 2677,938714,26335,4927
Video 2678,291323,22187,2738
Video 2679,574086,45947,9582
Video 2680,683429,33919,4930
Video 2681,639185,42214,4235
Video 2682,99410,14040,6033
Video 2683,85607,18478,9819
Video 2684,438182,12836,9457
Video 2685,792303,38593,4881
Video 2686,543378,17654,5076
Video 2687,277796,39253,8689
Video 2688,431821,19425,4798
Video 2689,59213,27441,9369
Video 2690,949274,20548,4780
Video 2691,177506,37140,2516
Video 2692,474614,40989,4374
Video 2693,573589,17341,4601
Video 2694,338832,6020,8993
Video 2695,236599,7519,4458
Video 2696,890411,20282,1564
Video 2697,892327,12964,2459
Video 2698,44698,18536,885
Video 2699,636866,42770,3435
Video 2700,945352,11470,7613
Video 2701,972816,4345,881
Video 2702,338149,15530,1618
Video 2703,74954,2355,1631
Video 2704,118075,41671,5510
Video 2705,560290,21975,8649
Video 2706,254830,28804,1682
Video 2707,182433,6362,5152
Video 2708,367634,8268,4045
Video 2709,430036,42659,7775
Video 2710,605619,7133,4914
Video 2711,489973,19183,6685
Video 2712,299511,37101,1000
Video 2713,441358,40146,8084
Video 2714,700655,35206,8961
Video 2715,48076,35171,5192
Video 2716,534646,42066,9916
Video 2717,189030,30498,4197
Video 2718,804571,25998,5669
Video 2719,303068,19727,3396
Video 2720,387008,15021,1768
Video 2721,730882,21836,8414
Video 2722,672795,7129,4043
Video 2723,508338,39761,4011
Video 2724,501554,20535,9701
Video 2725,158265,21391,3420
Video 2726,378004,28345,2129
Video 2727,53614,10338,662
Video 2728,327601,10804,3811
Video 2729,625453,38155,4577
Video 2730,356669,28640,4829
Video 2731,177938,46994,7759
Video 2732,883404,23636,1678
Video 2733,420273,32256,6282
Video 2734,903857,48699,8772
Video 2735,303691,23020,5291
Video 2736,127814,26419,7328
Video 2737,758821,32916,7210
Video 2738,33262,37981,7468
Video 2739,949573,48081,6314
Video 2740,485913,43804,7700
Video 2741,177477,9003,7023
Video 2742,281277,13151,9150
Video 2743,166489,38711,1724
Video 2744,770289,5353,2031
Video 2745,172648,9660,4227
Video 2746,539591,41751,6676
Video 2747,640849,32610,7977
Video 2748,527904,4900,1425
Video 2749,932975,45156,6603
Video 2750,415402,48351,116
Video 2751,851836,32255,9534
Video 2752,750985,42916,286
Video 2753,268065,22333,9517
Video 2754,805043,21658,2426
Video 2755,738738,11854,4887
Video 2756,626856,15799,1437
Video 2757,167751,4312,884
Video 2758,338172,24785,2531
Video 2759,24122,29709,6167
Video 2760,108401,30955,4861
Video 2761,31360,33930,2670
Video 2762,280388,9681,5086
Video 2763,487203,2368,5875
Video 2764,697184,15448,389
Video 2765,662757,45229,1444
Video 2766,898273,30210,876
Video 2767,518793,15550,8384
Video 2768,197768,17019,8107
Video 2769,555521,8409,6982
Video 2770,262724,17885,5583
Video 2771,950774,49851,9231
Video 2772,870089,27979,5599
Video 2773,238456,13869,8697
Video 2774,866686,23142,9421
Video 2775,814251,41321,3708
Video 2776,874587,26599,10000
Video 2777,311031,45751,6480
Video 2778,694698,17710,394
Video 2779,63245,41158,1789
Video 2780,298425,34275,4920
Video 2781,552103,33612,3680
Video 2782,483077,47608,333
Video 2783,348461,18024,8305
Video 2784,163387,16996,3494
Video 2785,15719,40698,8471
Video 2786,960697,29647,2906
Video 2787,111052,25397,573
Video 2788,377317,5452,1706
Video 2789,720559,12325,1016
Video 2790,827611,25671,8219
Video 2791,173108,10974,9241
Video 2792,377511,34446,768
Video 2793,126493,24412,8600
Video 2794,908150,36313,6537
Video 2795,437025,3424,625
Video 2796,174963,18390,592
Video 2797,327870,10228,7879
Video 2798,366739,48506,4471
Video 2799,245492,31672,9387
Video 2800,489558,7292,39
Video 2801,111640,36813,9693
Video 2802,205119,15750,4299
Video 2803,952045,22158,4308
Video 2804,817015,2270,2577
Video 2805,753224,24367,9900
Video 2806,959670,45414,3692
Video 2807,275765,31953,7899
Video 2808,500176,47591,7634
Video 2809,570610,15924,9180
Video 2810,882409,15415,4881
Video 2811,184161,14442,2306
Video 2812,490028,40156,4866
Video 2813,305368,38325,2658
Video 2814,974288,39692,3949
Video 2815,378988,10828,8676
Video 2816,599925,43466,6892
Video 2817,585713,28364,2305
Video 2818,391540,24629,9012
Video 2819,508378,29898,7854
Video 2820,576144,26904,8297
Video 2821,560656,19113,5228
Video 2822,884902,37583,5947
Video 2823,511805,21110,5532
Video 2824,735968,25869,5686
Video 2825,59824,27644,7309
Video 2826,616799,28167,2702
Video 2827,582076,42174,7547
Video 2828,410067,42535,9031
Video 2829,823857,23572,2305
Video 2830,609218,11511,1032
Video 2831,967805,13466,8666
Video 2832,807616,37148,498
Video 2833,251947,4462,3735
Video 2834,675641,12576,2093
Video 2835,769440,25693,2590
Video 2836,466136,7070,677
Video 2837,686377,33616,5048
Video 2838,41073,22794,3140
Video 2839,539663,12027,4257
Video 2840,905987,21206,7261
Video 2841,470494,12510,1236
Video 2842,948069,6246,711
Video 2843,356445,25019,2955
Video 2844,261486,17664,853
Video 2845,138376,22857,461
Video 2846,610556,42361,5866
Video 2847,147111,6481,5422
Video 2848,412284,10860,3235
Video 2849,112444,28002,7659
Video 2850,346985,4914,5850
Video 2851,565420,47708,4779
Video 2852,541538,17905,219
Video 2853,296077,45178,9666
Video 2854,474959,13471,8315
Video 2855,853805,15867,1777
Video 2856,217594,13090,9403
Video 2857,592728,15338,8835
Video 2858,957588,43838,2733
Video 2859,105896,16658,977
Video 2860,835402,14841,2835
Video 2861,352888,27682,4575
Video 2862,342396,36424,2720
Video 2863,600605,3674,1224
Video 2864,342411,27591,8877
Video 2865,838401,1029,4052
Video 2866,922679,20421,4863
Video 2867,276461,34444,549
Video 2868,761043,20960,3184
Video 2869,365529,9676,9763
Video 2870,434884,11325,4281
Video 2871,429280,10936,7987
Video 2872,212007,17031,6457
Video 2873,915843,49192,6444
Video 2874,861186,7922,2869
Video 2875,823963,1034,8022
Video 2876,903004,18648,1581
Video 2877,686800,20444,3915
Video 2878,208891,29364,8306
Video 2879,413829,38358,1092
Video 2880,575948,17933,7847
Video 2881,37346,44546,694
Video 2882,60158,7396,625
Video 2883,67853,33386,7170
Video 2884,718781,32037,865
Video 2885,622668,7992,4269
Video 2886,685085,8968,1031
Video 2887,366920,5728,5392
Video 2888,349987,8099,3506
Video 2889,455533,29367,826
Video 2890,235112,31489,3348
Video 2891,108326,26255,5627
Video 2892,584399,7027,8472
Video 2893,260974,12450,1364
Video 2894,387315,37529,3722
Video 2895,107004,28301,699
Video 2896,249562,22843,6188
Video 2897,614056,719,8101
Video 2898,508567,45724,7431
Video 2899,197704,28804,7853
Video 2900,729599,2230,6017
Video 2901,907273,26980,1384
Video 2902,480140,38739,6479
Video 2903,616173,8579,2756
Video 2904,549062,3136,5874
Video 2905,81691,5796,3150
Video 2906,277493,15990,578
Video 2907,401720,23479,7117
Video 2908,769756,10225,1039
Video 2909,521846,24991,56
Video 2910,612398,36916,9218
Video 2911,774614,18293,6169
Video 2912,640556,26363,9076
Video 2913,152680,1982,4908
Video 2914,541067,49883,3777
Video 2915,57556,37862,3420
Video 2916,878247,16007,3570
Video 2917,190572,8034,5120
Video 2918,347688,12693,4586
Video 2919,456930,27376,7683
Video 2920,814553,27025,54
Video 2921,523494,16047,3002
Video 2922,936723,46145,2342
Video 2923,238322,46620,8534
Video 2924,937123,21969,3317
Video 2925,496576,49753,2284
Video 2926,802752,272,5262
Video 2927,126059,45197,3245
Video 2928,801858,15596,7044
Video 2929,597490,19772,7523
Video 2930,537593,19084,9359
Video 2931,331380,6644,380
Video 2932,635877,5158,7615
Video 2933,761506,19705,5318
Video 2934,177463,4322,9234
Video 2935,882114,3468,1659
Video 2936,560754,47135,9394
Video 2937,382956,29010,6993
Video 2938,314003,8244,469
Video 2939,750916,34793,9587
Video 2940,314732,39082,6578
Video 2941,475578,10820,7012
Video 2942,849925,43926,7634
Video 2943,683987,8447,6768
Video 2944,935253,40772,6064
Video 2945,336712,21680,3193
Video 2946,817280,15773,1730
Video 2947,614580,9406,2548
Video 2948,402192,46068,2683
Video 2949,783396,45524,8433
Video 2950,540720,40542,1499
Video 2951,287507,10222,5539
Video 2952,139854,1026,8269
Video 2953,608621,4107,1025
Video 2954,699480,47517,19
Video 2955,961110,39628,8995
Video 2956,151794,34379,6267
Video 2957,444728,38789,9258
Video 2958,526124,28253,7683
Video 2959,401487,28014,3595
Video 2960,765395,11993,523
Video 2961,832034,3788,9300
Video 2962,424850,40079,7057
Video 2963,599612,23876,6648
Video 2964,853326,27121,5364
Video 2965,517287,5178,5182
Video 2966,420510,455,3991
Video 2967,819432,35404,4285
Video 2968,976957,49487,452
Video 2969,859784,1097,1228
Video 2970,78946,36232,6457
Video 2971,670170,20544,8011
Video 2972,950402,29194,4438
Video 2973,345250,8697,4086
Video 2974,254722,5923,8068
Video 2975,588336,38655,7970
Video 2976,338400,6664,5502
Video 2977,299260,9498,6763
Video 2978,298073,11853,5920
Video 2979,625790,36352,2919
Video 2980,708241,46045,822
Video 2981,758509,39989,3330
Video 2982,523090,19761,6516
Video 2983,979886,39448,7253
Video 2984,244097,16932,8857
Video 2985,273829,41597,3687
Video 2986,329033,29202,8691
Video 2987,867437,34621,9876
Video 2988,640151,39855,668
Video 2989,854539,7522,1319
Video 2990,58607,1939,5147
Video 2991,383484,14437,8719
Video 2992,796332,1169,5571
Video 2993,560941,28332,2019
Video 2994,185216,47163,9403
Video 2995,609287,19067,9227
Video 2996,310365,36471,4386
Video 2997,287070,9799,5154
Video 2998,829481,26619,5882
Video 2999,187535,11625,1600
Video 3000,435245,6075,8613
Video 3001,372777,38799,5017
Video 3002,248664,31387,8085
Video 3003,258595,23735,4228
Video 3004,928198,40193,9957
Video 3005,881842,8741,3401
Video 3006,816081,23032,9747
Video 3007,204884,29527,4560
Video 3008,240167,33535,6534
Video 3009,376825,3147,7658
Video 3010,397624,21306,5497
Video 3011,481291,37729,3523
Video 3012,981403,22397,4858
Video 3013,637404,31948,9841
Video 3014,640473,27141,2624
Video 3015,663391,37250,5166
Video 3016,476427,49448,5067
Video 3017,124011,49161,3743
Video 3018,951717,16998,2445
Video 3019,104304,48742,9134
Video 3020,34953,4644,4890
Video 3021,379996,6202,3063
Video 3022,991879,10752,445
Video 3023,895494,22167,1855
Video 3024,985514,45386,9105
Video 3025,240264,49350,7073
Video 3026,585127,49957,5668
Video 3027,62531,47093,4073
Video 3028,91547,46324,6471
Video 3029,999231,45079,5015
Video 3030,561199,12571,72
Video 3031,497395,40587,8003
Video 3032,146570,28033,706
Video 3033,569709,5923,9820
Video 3034,346561,18112,7712
Video 3035,445492,39799,2590
Video 3036,726605,6695,5887
Video 3037,914261,13919,8760
Video 3038,442005,11592,8282
Video 3039,868698,24931,2637
Video 3040,137824,21323,7272
Video 3041,955532,33370,1660
Video 3042,684425,38966,6673
Video 3043,707259,27904,9275
Video 3044,470680,34711,7403
Video 3045,379526,36456,6370
Video 3046,625008,43500,3841
Video 3047,621045,22459,9697
Video 3048,677342,37670,6558
Video 3049,910983,28949,8840
Video 3050,209501,1191,607
Video 3051,222239,32831,4630
Video 3052,782191,37740,315
Video 3053,882016,34587,2003
Video 3054,68890,33504,4997
Video 3055,905415,17300,668
Video 3056,874870,35404,6124
Video 3057,315392,38463,4192
Video 3058,639019,25850,6993
Video 3059,189193,27620,6394
Video 3060,663212,49217,3274
Video 3061,203155,1096,9172
Video 3062,773544,45539,388
Video 3063,119618,6496,5091
Video 3064,470269,3212,2499
Video 3065,158881,21135,4008
Video 3066,255860,11178,2368
Video 3067,141034,28251,8602
Video 3068,905036,1494,4628
Video 3069,447842,43479,5521
Video 3070,555017,9956,274
Video 3071,944112,49766,7756
Video 3072,381380,4633,3871
Video 3073,721588,31154,5203
Video 3074,753966,692,2134
Video 3075,669723,27155,8476
Video 3076,328137,6938,3825
Video 3077,817009,13637,3215
Video 3078,834186,38314,4567
Video 3079,747162,7336,8175
Video 3080,43979,13501,2762
Video 3081,64986,47841,7052
Video 3082,925341,41242,4589
Video 3083,955290,9817,9091
Video 3084,25793,42308,711
Video 3085,953754,27511,2816
Video 3086,803733,47683,6119
Video 3087,977041,47476,7892
Video 3088,854954,45982,1636
Video 3089,786683,34545,14
Video 3090,907938,19388,5771
Video 3091,539564,5321,524
Video 3092,185954,43884,9906
Video 3093,672795,29767,5732
Video 3094,474626,39104,885
Video 3095,871492,26485,4213
Video 3096,711471,42092,8767
Video 3097,29605,19754,7233
Video 3098,851159,41332,3009
Video 3099,281600,21964,4215
Video 3100,314141,36855,2184
Video 3101,485243,8155,9541
Video 3102,381019,32129,7327
Video 3103,469760,37868,7603
Video 3104,574563,28499,1278
Video 3105,234991,21728,7613
Video 3106,709776,725,4165
Video 3107,611013,1659,2452
Video 3108,405792,19900,9556
Video 3109,265709,29612,5006
Video 3110,459484,17665,8208
Video 3111,3209,7141,1059
Video 3112,157042,46617,938
Video 3113,618111,25416,7050
Video 3114,848543,32073,9188
Video 3115,640506,37482,6254
Video 3116,459735,10800,7847
Video 3117,518837,22725,8038
Video 3118,893783,2148,6974
Video 3119,684015,13743,4638
Video 3120,930541,28691,4264
Video 3121,402651,43328,2616
Video 3122,520738,5789,520
Video 3123,699648,10120,3125
Video 3124,336225,37234,4029
Video 3125,665494,20843,540
Video 3126,500689,33485,7261
Video 3127,924401,7536,7757
Video 3128,827569,14947,2683
Video 3129,931299,36505,5608
Video 3130,848807,33802,7966
Video 3131,878775,30007,5337
Video 3132,239341,12991,3515
Video 3133,252396,17656,8855
Video 3134,809543,28257,1936
Video 3135,831929,30729,1449
Video 3136,734792,30695,1562
Video 3137,78115,10447,8885
Video 3138,980911,10611,3946
Video 3139,36917,21859,5085
Video 3140,84734,33525,840
Video 3141,590824,35824,7696
Video 3142,703741,21547,3254
Video 3143,283812,39668,4491
Video 3144,250532,31608,1519
Video 3145,956620,22665,2421
Video 3146,564824,3705,3037
Video 3147,972671,11330,3333
Video 3148,653554,6037,6612
Video 3149,705295,24989,6325
Video 3150,716390,32739,6535
Video 3151,121564,15521,1363
Video 3152,418258,18344,7141
Video 3153,392378,44218,5917
Video 3154,276636,674,5237
Video 3155,342183,20946,9651
Video 3156,226357,1070,6748
Video 3157,102957,49903,3168
Video 3158,664125,18842,4118
Video 3159,132467,25916,8582
Video 3160,701167,11390,1098
Video 3161,9357,19461,3488
Video 3162,425321,42273,9546
Video 3163,178406,49953,2985
Video 3164,425271,3571,6235
Video 3165,150011,282,2514
Video 3166,633994,31040,4166
Video 3167,133566,21618,225
Video 3168,200413,10965,5299
Video 3169,516677,39441,9514
Video 3170,462461,33496,248
Video 3171,523972,46228,287
Video 3172,206450,1070,1121
Video 3173,97674,21508,842
Video 3174,327161,20419,2074
Video 3175,949842,41635,1546
Video 3176,552345,16973,5488
Video 3177,137023,15863,8320
Video 3178,816305,43676,7275
Video 3179,365541,35506,3381
Video 3180,875395,46303,576
Video 3181,739401,49812,4075
Video 3182,33479,20821,7327
Video 3183,248895,8653,8896
Video 3184,321341,30907,6926
Video 3185,522945,35110,3723
Video 3186,819257,13457,1391
Video 3187,902642,20510,3019
Video 3188,124890,10929,8724
Video 3189,540091,33662,9062
Video 3190,880643,42276,2503
Video 3191,920388,13240,9408
Video 3192,423419,29702,3966
Video 3193,182333,40416,3502
Video 3194,289581,24480,397
Video 3195,45039,47637,5521
Video 3196,678517,23688,4341
Video 3197,562709,31128,491
Video 3198,828659,46648,2784
Video 3199,667178,36556,2623
Video 3200,351263,47608,3780
Video 3201,666447,23782,3841
Video 3202,896053,28366,9085
Video 3203,256428,18753,307
Video 3204,197776,16379,3551
Video 3205,277409,31054,917
Video 3206,476565,23731,2897
Video 3207,665610,27862,8039
Video 3208,48879,9956,2806
Video 3209,760235,9534,5887
Video 3210,36936,44526,5317
Video 3211,321592,48463,2893
Video 3212,682675,5658,3042
Video 3213,67423,27037,4802
Video 3214,65240,15867,182
Video 3215,302644,32653,9962
Video 3216,130444,8976,8969
Video 3217,537275,36465,760
Video 3218,249531,24952,388
Video 3219,36598,6179,9122
Video 3220,64060,11018,4848
Video 3221,435907,47544,410
Video 3222,25439,39846,6639
Video 3223,30434,9503,5192
Video 3224,436651,26284,9977
Video 3225,856275,31554,3638
Video 3226,726296,19179,5131
Video 3227,482386,44984,6106
Video 3228,902615,36360,6661
Video 3229,821475,18669,3946
Video 3230,646061,33442,4448
Video 3231,351634,27330,8578
Video 3232,671374,29241,6962
Video 3233,275803,26282,6989
Video 3234,510031,19291,3649
Video 3235,406866,46005,5950
Video 3236,592679,44554,2113
Video 3237,197698,46628,7113
Video 3238,320020,41922,1472
Video 3239,283269,6855,7540
Video 3240,394528,3595,379
Video 3241,388596,42914,9461
Video 3242,964814,47929,411
Video 3243,898721,40956,4074
Video 3244,496955,28460,618
Video 3245,497143,15587,8406
Video 3246,159919,12537,7361
Video 3247,308113,14252,9327
Video 3248,833299,19014,7942
Video 3249,470379,29623,756
Video 3250,725683,28805,2258
Video 3251,868653,14892,4628
Video 3252,780628,22412,2256
Video 3253,261680,5895,7424
Video 3254,75725,47180,869
Video 3255,677054,5690,899
Video 3256,60354,18760,4504
Video 3257,762927,46251,8821
Video 3258,906511,36809,2479
Video 3259,35872,4144,9778
Video 3260,628898,33019,6910
Video 3261,754054,29556,4379
Video 3262,481218,27695,8256
Video 3263,62937,9928,4535
Video 3264,631106,42088,1734
Video 3265,983598,3582,2598
Video 3266,308465,24605,8653
Video 3267,810451,32120,8352
Video 3268,530561,23854,1731
Video 3269,342450,19305,5290
Video 3270,216943,13915,7405
Video 3271,892062,21536,8729
Video 3272,59709,22707,1952
Video 3273,520913,39804,7193
Video 3274,401161,38495,720
Video 3275,934594,2389,6013
Video 3276,189019,37328,8364
Video 3277,144647,24191,464
Video 3278,336086,21672,8546
Video 3279,284309,28990,2349
Video 3280,939102,48152,4646
Video 3281,198324,21647,5679
Video 3282,617975,33357,9173
Video 3283,724692,20253,2586
Video 3284,162635,47610,7721
Video 3285,553070,30702,9237
Video 3286,839259,29495,9018
Video 3287,283293,10829,6302
Video 3288,570027,29584,836
Video 3289,809702,6946,9529
Video 3290,802837,29086,8610
Video 3291,861332,8828,7719
Video 3292,418388,20731,8948
Video 3293,444039,3694,8258
Video 3294,499217,49370,6211
Video 3295,956496,17641,6857
Video 3296,508556,41343,1644
Video 3297,74376,32831,6015
Video 3298,896283,38823,6402
Video 3299,869072,41689,2957
Video 3300,172074,7834,56
Video 3301,359817,25772,8138
Video 3302,346039,30234,7886
Video 3303,241220,30816,1322
Video 3304,231997,7644,7119
Video 3305,966336,25544,5119
Video 3306,590498,30194,9906
Video 3307,965828,6225,6781
Video 3308,205539,21977,5660
Video 3309,768951,3701,2983
Video 3310,407834,41904,5761
Video 3311,95895,6372,1460
Video 3312,475355,18451,723
Video 3313,390391,47826,720
Video 3314,993070,9612,3522
Video 3315,761802,10993,8390
Video 3316,834249,13045,84
Video 3317,103360,47027,7283
Video 3318,583095,9944,6800
Video 3319,851403,6831,4579
Video 3320,576390,30358,6748
Video 3321,106799,14007,1734
Video 3322,594877,34162,4149
Video 3323,146665,1606,1378
Video 3324,585792,2659,5972
Video 3325,287625,28032,7340
Video 3326,522090,4288,7554
Video 3327,3014,32556,4162
Video 3328,221137,44555,5760
Video 3329,365243,28222,2851
Video 3330,841362,18819,2490
Video 3331,779734,36837,8540
Video 3332,319499,31882,7646
Video 3333,962344,20306,3424
Video 3334,866458,13381,5662
Video 3335,119395,32572,4820
Video 3336,145194,12832,3948
Video 3337,81045,45213,4313
Video 3338,8907,36333,6813
Video 3339,572598,37861,2416
Video 3340,985210,5963,7154
Video 3341,199233,42513,120
Video 3342,833477,41175,8791
Video 3343,965495,28961,1231
Video 3344,960667,48287,299
Video 3345,167835,2195,3338
Video 3346,856594,6969,9620
Video 3347,555152,39804,9830
Video 3348,585645,32174,5436
Video 3349,134382,32515,6091
Video 3350,228316,47736,7459
Video 3351,805373,38234,7346
Video 3352,711814,5812,7986
Video 3353,141897,5845,8623
Video 3354,860085,48127,5125
Video 3355,106489,32918,2780
Video 3356,85311,40695,9397
Video 3357,85672,38904,736
Video 3358,451151,34392,5593
Video 3359,172329,32271,8686
Video 3360,439692,21802,5507
Video 3361,571937,35762,1402
Video 3362,521587,25928,8189
Video 3363,636713,25916,7945
Video 3364,892627,23721,6693
Video 3365,990958,31007,290
Video 3366,118477,44523,2770
Video 3367,331530,36066,4803
Video 3368,611997,8381,4219
Video 3369,633489,17699,4785
Video 3370,223623,6628,3999
Video 3371,523231,29105,1636
Video 3372,202162,3117,1284
Video 3373,579713,30050,6952
Video 3374,373654,14303,4741
Video 3375,105105,38928,4993
Video 3376,647154,31035,6824
Video 3377,263884,25311,5331
Video 3378,865522,35042,18
Video 3379,3192,30809,8339
Video 3380,897147,15971,7837
Video 3381,622726,33137,9881
Video 3382,321033,542,1867
Video 3383,986175,41047,4827
Video 3384,187625,565,8145
Video 3385,102961,1678,4340
Video 3386,197992,9797,4626
Video 3387,364361,12175,5896
Video 3388,612254,46559,9659
Video 3389,462002,28325,1854
Video 3390,90393,3576,9247
Video 3391,211834,24969,743
Video 3392,929923,29923,1805
Video 3393,476433,20635,7720
Video 3394,973256,4118,763
Video 3395,981626,40517,768
Video 3396,224876,34452,7812
Video 3397,890352,32699,8010
Video 3398,734090,39055,385
Video 3399,736515,1061,2650
Video 3400,523271,12663,586
Video 3401,780202,39391,8145
Video 3402,541550,12025,1194
Video 3403,697703,39523,3265
Video 3404,469285,37918,6288
Video 3405,927345,29529,5585
Video 3406,721834,29353,166
Video 3407,686431,47195,2080
Video 3408,242824,45085,7877
Video 3409,722518,39986,5163
Video 3410,437805,17602,7642
Video 3411,228387,35477,1313
Video 3412,995580,42563,8251
Video 3413,516448,899,5521
Video 3414,32679,5202,7476
Video 3415,327341,44877,6061
Video 3416,654381,25841,8852
Video 3417,204831,37907,6962
Video 3418,284025,8817,9588
Video 3419,84674,26856,1721
Video 3420,375602,40337,587
Video 3421,31145,24451,8761
Video 3422,135805,10500,5976
Video 3423,367079,6120,7325
Video 3424,353915,13673,1919
Video 3425,474569,2813,3885
Video 3426,713629,14837,6687
Video 3427,50709,9194,4233
Video 3428,350345,10393,4224
Video 3429,795388,3944,2416
Video 3430,160029,40232,4553
Video 3431,572963,39663,4531
Video 3432,537210,42558,2519
Video 3433,745464,3671,4931
Video 3434,746829,48678,7676
Video 3435,154961,19205,6123
Video 3436,430609,35143,8739
Video 3437,927619,34806,4265
Video 3438,669428,39057,2893
Video 3439,246620,27803,5920
Video 3440,822291,11366,3020
Video 3441,786292,5756,1705
Video 3442,32471,15852,4366
Video 3443,397907,15248,4592
Video 3444,969065,29315,2532
Video 3445,232118,694,465
Video 3446,169490,24974,7414
Video 3447,514797,4838,6045
Video 3448,618519,40049,4346
Video 3449,604491,1747,1941
Video 3450,208032,6724,8763
Video 3451,997933,14618,7028
Video 3452,243692,27281,2416
Video 3453,750541,4143,9107
Video 3454,577264,27420,4498
Video 3455,362819,14318,3281
Video 3456,346252,20133,8783
Video 3457,535016,37351,7792
Video 3458,422354,28905,1655
Video 3459,707496,32949,3693
Video 3460,583224,43652,3744
Video 3461,389077,5990,1064
Video 3462,937245,31147,3375
Video 3463,517554,22779,8631
Video 3464,655274,20735,558
Video 3465,976464,37263,7108
Video 3466,835234,46191,641
Video 3467,691311,22519,2254
Video 3468,909124,34589,3278
Video 3469,663720,24421,6777
Video 3470,959011,17634,5533
Video 3471,505351,26799,1514
Video 3472,671783,26188,2694
Video 3473,65953,41920,7256
Video 3474,927276,17750,6336
Video 3475,15841,832,7613
Video 3476,858952,19024,5621
Video 3477,980929,1906,3025
Video 3478,49572,21379,2079
Video 3479,404901,46574,9531
Video 3480,105619,8320,4127
Video 3481,906411,26725,9234
Video 3482,983506,47420,6477
Video 3483,737687,3106,4495
Video 3484,787126,45232,6320
Video 3485,237688,30202,870
Video 3486,545989,12741,5840
Video 3487,741915,38114,6217
Video 3488,730444,15775,2764
Video 3489,785640,37733,4721
Video 3490,118608,8575,6376
Video 3491,173706,26292,599
Video 3492,548119,4753,3505
Video 3493,815485,26954,7721
Video 3494,8182,44477,6727
Video 3495,954957,30466,1986
Video 3496,541980,39939,2493
Video 3497,955391,31486,8199
Video 3498,58796,45522,9143
Video 3499,173972,31520,29
Video 3500,657989,46388,5850
Video 3501,510972,24802,3780
Video 3502,138148,10538,5722
Video 3503,578315,14106,2266
Video 3504,749444,2529,2809
Video 3505,705835,27297,6731
Video 3506,101024,1025,5486
Video 3507,612897,27549,7636
Video 3508,281031,432,1153
Video 3509,435648,35277,3564
Video 3510,525206,38918,9444
Video 3511,724339,45426,6576
Video 3512,34273,41140,7532
Video 3513,101149,17736,7510
Video 3514,623530,21260,7938
Video 3515,709110,32750,4530
Video 3516,258118,4231,1759
Video 3517,814684,3548,6796
Video 3518,943882,21345,179
Video 3519,546902,31051,1384
Video 3520,738672,34765,2791
Video 3521,17361,5435,6433
Video 3522,409081,11811,3486
Video 3523,185662,37244,1136
Video 3524,77907,11911,7749
Video 3525,922356,6630,7911
Video 3526,685221,15652,4092
Video 3527,123546,44390,5908
Video 3528,671070,3705,748
Video 3529,509718,10333,3487
Video 3530,923513,24464,8178
Video 3531,371956,42150,6364
Video 3532,777277,19896,1185
Video 3533,270880,32860,5427
Video 3534,532412,15975,1637
Video 3535,374661,30810,9183
Video 3536,711979,16537,7965
Video 3537,175895,6080,3298
Video 3538,971327,5138,1524
Video 3539,291470,18532,6684
Video 3540,333904,5098,8774
Video 3541,777965,11802,2274
Video 3542,688308,36013,3448
Video 3543,471222,41301,209
Video 3544,567917,3377,2226
Video 3545,765129,43504,5532
Video 3546,808583,38518,8081
Video 3547,122197,49034,3148
Video 3548,45092,46553,2050
Video 3549,757472,9446,4096
Video 3550,615065,33992,6432
Video 3551,802915,11558,7773
Video 3552,499149,21115,6963
Video 3553,457069,44977,7525
Video 3554,215307,38057,4666
Video 3555,239224,9842,3325
Video 3556,656298,18742,6281
Video 3557,5790,3372,5787
Video 3558,907590,29395,5261
Video 3559,233532,32136,4993
Video 3560,353340,7966,5400
Video 3561,231576,30626,2791
Video 3562,47233,46366,8582
Video 3563,960807,16319,4109
Video 3564,856124,45195,8430
Video 3565,890976,47590,5877
Video 3566,861482,18281,3913
Video 3567,61849,25000,2654
Video 3568,859921,9577,8187
Video 3569,862904,32865,8531
Video 3570,381870,5932,4148
Video 3571,227649,1901,1184
Video 3572,155560,24557,9718
Video 3573,329267,40026,8783
Video 3574,704070,6947,8382
Video 3575,438319,28968,9847
Video 3576,947313,695,6693
Video 3577,910152,42367,2040
Video 3578,963097,47084,4712
Video 3579,611208,28675,244
Video 3580,522891,43147,5578
Video 3581,440588,27004,269
Video 3582,219097,9720,3884
Video 3583,837761,41157,1228
Video 3584,154473,44819,7422
Video 3585,828033,49098,1177
Video 3586,736956,44037,4740
Video 3587,97453,32186,8316
Video 3588,27655,35045,6311
Video 3589,236629,24155,7745
Video 3590,828277,21058,5078
Video 3591,848030,5676,8113
Video 3592,744002,6532,4500
Video 3593,476394,28725,851
Video 3594,22046,38764,476
Video 3595,921292,649,5363
Video 3596,256247,16675,4621
Video 3597,727745,3896,1385
Video 3598,355206,7169,542
Video 3599,771897,21533,9318
Video 3600,844882,36542,7130
Video 3601,297669,7681,9334
Video 3602,171627,19650,315
Video 3603,401968,33108,1508
Video 3604,6324,23006,6770
Video 3605,336193,154,1817
Video 3606,678194,38424,2097
Video 3607,62574,36856,7057
Video 3608,463032,11498,3837
Video 3609,512610,28292,1737
Video 3610,391751,9004,799
Video 3611,971274,42876,6002
Video 3612,262231,48370,8040
Video 3613,760320,3963,3361
Video 3614,444539,7696,7680
Video 3615,348451,37900,7436
Video 3616,371377,46641,476
Video 3617,267246,4758,4773
Video 3618,969368,42161,9135
Video 3619,152042,17106,1682
Video 3620,281196,24908,5056
Video 3621,334126,31139,2770
Video 3622,324164,40043,8913
Video 3623,475095,36345,138
Video 3624,734338,9321,1793
Video 3625,218267,28543,4373
Video 3626,360908,41853,104
Video 3627,586719,24656,5931
Video 3628,736052,22038,7766
Video 3629,499723,47473,3206
Video 3630,225372,27351,7675
Video 3631,515906,26736,8300
Video 3632,431574,20639,9435
Video 3633,50465,28360,6442
Video 3634,15686,35275,5495
Video 3635,739759,47318,8176
Video 3636,924016,17593,5876
Video 3637,888245,34682,556
Video 3638,543007,33871,5023
Video 3639,835767,10650,4377
Video 3640,578635,8228,4479
Video 3641,146626,27838,5820
Video 3642,149286,5804,4284
Video 3643,75594,42748,1359
Video 3644,954936,785,2391
Video 3645,22685,1825,3847
Video 3646,455679,5944,4837
Video 3647,19913,48338,3453
Video 3648,868268,8659,4140
Video 3649,514501,32205,5172
Video 3650,837588,9002,5554
Video 3651,909963,245,3717
Video 3652,969997,34624,7403
Video 3653,433389,21101,8792
Video 3654,416620,45483,9608
Video 3655,25959,14684,6449
Video 3656,24161,19115,6484
Video 3657,493891,4441,577
Video 3658,830289,42809,6432
Video 3659,331849,8056,4007
Video 3660,334958,40254,5240
Video 3661,729595,9612,3966
Video 3662,636571,47100,4171
Video 3663,477627,5152,3922
Video 3664,43065,41904,6030
Video 3665,922472,24928,920
Video 3666,572841,38108,2388
Video 3667,135179,43100,3079
Video 3668,198109,25472,1490
Video 3669,453055,9658,5632
Video 3670,755331,24583,742
Video 3671,810051,1832,4575
Video 3672,960901,43619,8577
Video 3673,58555,44478,7500
Video 3674,20469,4911,8803
Video 3675,642427,44758,3763
Video 3676,481484,16730,6596
Video 3677,127987,42727,1437
Video 3678,40820,4721,4175
Video 3679,662732,44401,131
Video 3680,532872,45846,853
Video 3681,265274,36213,1770
Video 3682,374241,46055,2978
Video 3683,420055,11466,8615
Video 3684,607795,8375,75
Video 3685,207070,41678,421
Video 3686,403606,2894,8438
Video 3687,748186,33638,6853
Video 3688,229983,16504,3824
Video 3689,97300,32730,6304
Video 3690,105435,6489,2745
Video 3691,239190,28361,7816
Video 3692,612113,11626,198
Video 3693,890270,18436,6700
Video 3694,356742,38080,5307
Video 3695,800322,36941,7035
Video 3696,385208,30040,8020
Video 3697,649237,37528,2552
Video 3698,233327,48783,4458
Video 3699,546290,421,6275
Video 3700,851271,10259,115
Video 3701,514137,18166,3029
Video 3702,218828,44583,2769
Video 3703,126386,37337,7822
Video 3704,51837,42648,5418
Video 3705,805707,33105,3476
Video 3706,895519,43191,4021
Video 3707,23578,39715,2143
Video 3708,609103,23218,9690
Video 3709,17934,5107,1447
Video 3710,766870,11972,7633
Video 3711,561829,47829,7673
Video 3712,25459,24323,843
Video 3713,319736,35692,3098
Video 3714,863596,17326,5552
Video 3715,851416,38950,3475
Video 3716,650230,10987,2358
Video 3717,235665,26686,6974
Video 3718,903646,744,9299
Video 3719,218627,44686,5205
Video 3720,512883,36352,4638
Video 3721,431531,20265,7235
Video 3722,379901,8520,7528
Video 3723,171976,28991,6565
Video 3724,335293,14125,3913
Video 3725,474856,33532,5190
Video 3726,813770,31739,4924
Video 3727,905045,1275,7463
Video 3728,242565,47941,6978
Video 3729,230246,25139,1445
Video 3730,419851,31546,4993
Video 3731,446870,15099,3684
Video 3732,902285,12216,8669
Video 3733,471249,12816,3692
Video 3734,721186,45545,4477
Video 3735,378597,39300,5473
Video 3736,703949,10462,6688
Video 3737,557450,42533,1381
Video 3738,777078,21789,1608
Video 3739,252175,4283,7353
Video 3740,656805,9715,3192
Video 3741,145961,20782,5057
Video 3742,994483,26088,9971
Video 3743,234793,10673,1888
Video 3744,236563,43194,7251
Video 3745,751850,38068,5526
Video 3746,371686,10219,3420
Video 3747,339382,11560,7397
Video 3748,167350,29919,3134
Video 3749,966558,32869,7907
Video 3750,763932,30379,6578
Video 3751,396845,34294,2353
Video 3752,314321,29448,3493
Video 3753,420715,222,9764
Video 3754,979916,46698,2267
Video 3755,278724,14440,4697
Video 3756,40896,3465,3164
Video 3757,407104,30088,5300
Video 3758,765062,14379,5986
Video 3759,894867,9771,9809
Video 3760,108819,47583,1133
Video 3761,639366,12457,800
Video 3762,539860,1960,8685
Video 3763,729057,12471,7986
Video 3764,920276,44237,2129
Video 3765,316205,14734,240
Video 3766,195250,8807,1176
Video 3767,638280,38764,9862
Video 3768,798137,44445,4292
Video 3769,136363,16112,5991
Video 3770,796171,32464,8196
Video 3771,711196,16333,2597
Video 3772,886778,39580,9233
Video 3773,171854,41071,5427
Video 3774,609960,20148,5225
Video 3775,976494,37876,6031
Video 3776,944379,32812,6193
Video 3777,443091,18953,4875
Video 3778,400759,31728,4920
Video 3779,754903,46816,9325
Video 3780,132997,1408,9877
Video 3781,319912,49685,4966
Video 3782,271142,18793,6009
Video 3783,137595,35100,1453
Video 3784,693279,46371,8915
Video 3785,542600,6655,9000
Video 3786,852504,39699,2673
Video 3787,7785,45919,4458
Video 3788,309377,44332,5284
Video 3789,985005,14687,4422
Video 3790,168015,23601,5963
Video 3791,542309,38728,9248
Video 3792,255119,17588,9150
Video 3793,156952,14868,8256
Video 3794,860859,18258,7552
Video 3795,433794,47880,4249
Video 3796,796675,20530,5134
Video 3797,484255,16610,9082
Video 3798,59984,20522,2626
Video 3799,535234,22042,5745
Video 3800,418783,38537,8205
Video 3801,432174,41362,2956
Video 3802,884805,21009,4075
Video 3803,596408,16644,9100
Video 3804,249763,2989,5211
Video 3805,696404,47051,61
Video 3806,549960,40524,4660
Video 3807,746789,26707,1960
Video 3808,645822,13075,3272
Video 3809,66140,6686,8593
Video 3810,296642,28273,6330
Video 3811,461847,37213,7184
Video 3812,223617,48974,8898
Video 3813,779354,47880,1187
Video 3814,926226,13008,3992
Video 3815,421671,30051,2851
Video 3816,374747,35959,5977
Video 3817,267685,19154,4589
Video 3818,374445,42199,9391
Video 3819,108508,11560,2436
Video 3820,759058,25231,9008
Video 3821,149464,35389,9950
Video 3822,469693,25286,8142
Video 3823,140087,1863,5069
Video 3824,241303,1534,200
Video 3825,18085,2964,515
Video 3826,835015,9421,8639
Video 3827,143237,17160,2458
Video 3828,464874,33453,6801
Video 3829,691490,16918,5889
Video 3830,646343,44780,3337
Video 3831,925766,36822,1303
Video 3832,293235,29341,3077
Video 3833,79756,25704,7263
Video 3834,829304,3605,3057
Video 3835,351433,41553,6086
Video 3836,630479,24391,5245
Video 3837,482367,8788,313
Video 3838,857698,23764,970
Video 3839,216552,28663,2197
Video 3840,753456,15792,9529
Video 3841,523869,29704,3847
Video 3842,516478,7190,2316
Video 3843,932797,29098,8437
Video 3844,328320,46143,8876
Video 3845,908302,24598,9653
Video 3846,415666,5142,8552
Video 3847,714405,23603,1604
Video 3848,705671,9300,6853
Video 3849,810136,8940,2983
Video 3850,71206,2353,9523
Video 3851,141012,17398,6918
Video 3852,135133,42207,9361
Video 3853,902478,27816,6688
Video 3854,578448,5868,2407
Video 3855,93856,9130,5797
Video 3856,260583,35534,1048
Video 3857,310039,6357,2967
Video 3858,627172,46317,1060
Video 3859,255220,23133,6275
Video 3860,818191,48889,7468
Video 3861,575420,10921,6624
Video 3862,265277,37901,3347
Video 3863,38199,37948,1567
Video 3864,325029,39095,5164
Video 3865,480746,43406,7549
Video 3866,474138,10027,5110
Video 3867,88813,35619,330
Video 3868,785893,7835,4055
Video 3869,596460,18028,7059
Video 3870,658691,5464,4135
Video 3871,98879,21954,9559
Video 3872,955976,8908,1657
Video 3873,699491,29533,5019
Video 3874,446012,6909,3441
Video 3875,502424,34588,7811
Video 3876,502207,6379,4563
Video 3877,671639,33654,2834
Video 3878,667470,21595,3069
Video 3879,355266,16409,8780
Video 3880,149704,47228,8239
Video 3881,677980,15747,3035
Video 3882,925685,40987,1442
Video 3883,779017,37448,84
Video 3884,782055,16625,6239
Video 3885,335988,49789,1921
Video 3886,220666,28195,6597
Video 3887,259995,5423,6976
Video 3888,217112,5806,7241
Video 3889,164289,33280,8079
Video 3890,96945,21430,9021
Video 3891,244174,38745,4132
Video 3892,849784,14851,8028
Video 3893,770100,24968,498
Video 3894,202001,9263,3293
Video 3895,861316,40203,5259
Video 3896,441830,47260,3950
Video 3897,149593,35843,6725
Video 3898,291225,47930,5152
Video 3899,357866,351,9526
Video 3900,360232,7111,6609
Video 3901,119369,7532,6542
Video 3902,918223,19384,1372
Video 3903,525923,28901,1389
Video 3904,392957,35059,6702
Video 3905,425920,32000,943
Video 3906,812990,42395,4007
Video 3907,262845,29419,8959
Video 3908,835273,34996,7985
Video 3909,849839,45569,3613
Video 3910,49250,22463,2822
Video 3911,950675,49617,9766
Video 3912,605400,47302,5153
Video 3913,479392,38921,3947
Video 3914,977647,33981,9655
Video 3915,738122,32081,9052
Video 3916,268633,26660,488
Video 3917,514706,15343,4770
Video 3918,874613,20866,7827
Video 3919,437774,21032,1672
Video 3920,241016,32091,5997
Video 3921,729634,17549,1162
Video 3922,251119,1983,9039
Video 3923,132759,45201,5197
Video 3924,855248,20828,2504
Video 3925,309628,36860,6319
Video 3926,317101,45692,5673
Video 3927,348118,31349,1380
Video 3928,774601,32266,9352
Video 3929,812372,44573,8246
Video 3930,724580,36888,2518
Video 3931,902685,4152,4776
Video 3932,938610,11697,580
Video 3933,265499,34290,9355
Video 3934,328905,11759,6699
Video 3935,959172,22845,606
Video 3936,878752,44657,7822
Video 3937,451685,22660,7803
Video 3938,366427,9482,6211
Video 3939,842109,40935,5480
Video 3940,341779,43660,1641
Video 3941,753630,30009,3187
Video 3942,702628,3442,2176
Video 3943,174945,45349,6130
Video 3944,432863,15331,9958
Video 3945,532221,32879,4119
Video 3946,101495,46720,4076
Video 3947,689936,6357,3134
Video 3948,453532,13706,2522
Video 3949,778814,3043,5311
Video 3950,423630,47668,6067
Video 3951,921018,39113,5292
Video 3952,48873,5494,7314
Video 3953,245906,17716,409
Video 3954,443454,33892,4577
Video 3955,467150,4625,5333
Video 3956,966564,36427,6337
Video 3957,8998,12838,5414
Video 3958,560153,26080,9129
Video 3959,178119,11923,7067
Video 3960,931253,42631,239
Video 3961,133180,11611,935
Video 3962,174702,20509,2235
Video 3963,103465,15549,3494
Video 3964,832904,45251,1399
Video 3965,110731,26727,522
Video 3966,972031,7440,9305
Video 3967,136308,24183,7683
Video 3968,197486,40132,2662
Video 3969,568328,3196,9543
Video 3970,904601,13249,4660
Video 3971,302042,34739,4680
Video 3972,697498,34947,9116
Video 3973,311646,31389,1883
Video 3974,362676,39873,65
Video 3975,241851,18984,4445
Video 3976,311999,43991,3631
Video 3977,202026,207,4540
Video 3978,323007,38592,9369
Video 3979,645048,12216,3119
Video 3980,721669,1359,835
Video 3981,535603,5244,1881
Video 3982,138129,3326,6264
Video 3983,626358,17684,6623
Video 3984,49290,21604,919
Video 3985,243370,8235,5012
Video 3986,7117,38624,3151
Video 3987,513017,15853,1365
Video 3988,872824,23195,4430
Video 3989,812277,40783,4789
Video 3990,48010,14852,1727
Video 3991,225172,46653,3302
Video 3992,535555,3811,7944
Video 3993,954188,32065,4579
Video 3994,269273,16153,4095
Video 3995,153037,22702,4669
Video 3996,361118,21194,6615
Video 3997,839225,12019,7285
Video 3998,778922,21449,9237
Video 3999,400234,37769,7275
Video 4000,691694,36548,978
Video 4001,410275,811,9427
Video 4002,535157,30657,2470
Video 4003,625391,16906,6241
Video 4004,219789,28702,9026
Video 4005,477399,36644,4834
Video 4006,978970,979,950
Video 4007,280099,45314,4041
Video 4008,367840,19549,9188
Video 4009,943677,42118,1625
Video 4010,404303,17234,524
Video 4011,929589,4950,7750
Video 4012,343199,6187,9988
Video 4013,663130,40271,37
Video 4014,651819,43537,9632
Video 4015,566752,25073,8463
Video 4016,443704,11100,4499
Video 4017,564398,49980,5830
Video 4018,33717,10789,5160
Video 4019,348930,38339,8560
Video 4020,201372,25430,9233
Video 4021,330938,17562,2806
Video 4022,892860,20387,948
Video 4023,544233,45772,6295
Video 4024,299112,199,8663
Video 4025,549999,907,5144
Video 4026,386328,9876,5488
Video 4027,126282,16537,5631
Video 4028,652831,1282,4654
Video 4029,434348,2157,5932
Video 4030,664854,46679,3000
Video 4031,152412,30914,8666
Video 4032,552563,3752,6652
Video 4033,355345,41430,6045
Video 4034,297427,9750,8587
Video 4035,216225,48857,5301
Video 4036,844681,26454,5306
Video 4037,373321,17947,1032
Video 4038,687860,41755,9768
Video 4039,141560,38667,9114
Video 4040,526376,44395,7593
Video 4041,918657,6426,3358
Video 4042,634493,33438,2084
Video 4043,361965,9137,6937
Video 4044,847424,35694,4315
Video 4045,677779,14527,6759
Video 4046,296785,34311,9403
Video 4047,570147,17663,8984
Video 4048,415018,8160,8215
Video 4049,492294,46619,1055
Video 4050,237996,41734,6240
Video 4051,827361,7091,2927
Video 4052,108748,18970,4920
Video 4053,218391,16174,589
Video 4054,539354,36417,904
Video 4055,137188,43099,6536
Video 4056,792100,46281,9826
Video 4057,970125,26045,7174
Video 4058,918885,223,1694
Video 4059,584522,10038,9402
Video 4060,839892,746,8032
Video 4061,207017,36833,9977
Video 4062,201291,7134,7224
Video 4063,921842,18668,5738
Video 4064,443500,9863,2622
Video 4065,553083,12357,8112
Video 4066,643220,6425,34
Video 4067,966353,22677,9386
Video 4068,200721,38587,4935
Video 4069,774549,648,996
Video 4070,198778,30907,9086
Video 4071,671493,37330,3633
Video 4072,543838,27573,4739
Video 4073,73017,36036,2852
Video 4074,408240,14751,8755
Video 4075,970503,1326,7787
Video 4076,675648,41957,5483
Video 4077,541609,22257,6889
Video 4078,243490,23760,2091
Video 4079,786216,4862,6207
Video 4080,139768,48681,518
Video 4081,83587,44755,9105
Video 4082,976150,14726,6515
Video 4083,658301,13694,9059
Video 4084,360404,10062,5404
Video 4085,931115,34212,4113
Video 4086,581343,1509,1583
Video 4087,344470,10051,689
Video 4088,706406,39886,6727
Video 4089,913387,2448,2723
Video 4090,111378,19514,3952
Video 4091,827405,35493,5575
Video 4092,842759,18555,1078
Video 4093,731053,10495,5223
Video 4094,196943,16048,9724
Video 4095,192197,4270,6038
Video 4096,717314,14564,703
Video 4097,105972,3335,3618
Video 4098,309752,45729,7530
Video 4099,162211,22445,2679
Video 4100,826171,35090,885
Video 4101,675026,33804,6024
Video 4102,928126,8350,6094
Video 4103,444965,27188,7966
Video 4104,760134,1469,5048
Video 4105,715999,15020,9807
Video 4106,595343,33353,7677
Video 4107,568844,28262,8406
Video 4108,392247,46032,7706
Video 4109,339638,30782,8736
Video 4110,549858,38450,2627
Video 4111,799058,7269,6180
Video 4112,839793,18687,6219
Video 4113,108093,14634,9872
Video 4114,434339,21758,3351
Video 4115,202343,20235,3126
Video 4116,45295,37777,3571
Video 4117,923952,40052,2967
Video 4118,824349,27770,5981
Video 4119,366454,5096,2343
Video 4120,451780,42753,6559
Video 4121,83447,22056,8869
Video 4122,274196,13029,2900
Video 4123,419008,13306,5529
Video 4124,56267,40907,9254
Video 4125,20717,3928,1995
Video 4126,363125,29806,5011
Video 4127,823484,5480,1206
Video 4128,429180,32393,5650
Video 4129,200952,33742,4716
Video 4130,582827,48226,103
Video 4131,189899,47186,5489
Video 4132,427806,47969,298
Video 4133,748214,42328,9253
Video 4134,568391,27820,1732
Video 4135,872806,2892,4321
Video 4136,140210,43585,8102
Video 4137,319445,359,2040
Video 4138,278892,13174,6938
Video 4139,795530,8824,7048
Video 4140,847414,47089,5069
Video 4141,142796,610,7872
Video 4142,900470,33176,2265
Video 4143,237603,17478,7769
Video 4144,909706,3130,2940
Video 4145,274175,21408,3157
Video 4146,917688,38319,165
Video 4147,673418,41769,294
Video 4148,722380,28447,6506
Video 4149,638847,30078,4429
Video 4150,969531,47574,9199
Video 4151,757241,1023,8650
Video 4152,773730,34762,6962
Video 4153,936280,16482,2916
Video 4154,557010,16114,895
Video 4155,92227,30153,6649
Video 4156,730785,40075,4376
Video 4157,608975,6353,1604
Video 4158,954719,32323,3122
Video 4159,649052,46338,34
Video 4160,518115,1983,6592
Video 4161,271236,40586,6996
Video 4162,113402,1180,5206
Video 4163,948542,40284,6472
Video 4164,498403,48412,9866
Video 4165,208847,42695,255
Video 4166,868233,35125,8646
Video 4167,320136,41821,6810
Video 4168,522371,7093,5315
Video 4169,839158,47390,3854
Video 4170,451120,25135,3062
Video 4171,769048,32406,6753
Video 4172,576482,21227,8021
Video 4173,258739,17505,1105
Video 4174,129131,34669,4315
Video 4175,951829,5491,5907
Video 4176,80230,42769,643
Video 4177,167762,44074,6419
Video 4178,740762,14420,3513
Video 4179,417585,26384,6251
Video 4180,225664,23601,8280
Video 4181,678884,580,8538
Video 4182,8849,35990,4470
Video 4183,624673,12392,7767
Video 4184,478421,5159,9456
Video 4185,994022,39244,5399
Video 4186,45196,13622,2767
Video 4187,157543,8859,3657
Video 4188,731056,25214,2527
Video 4189,655404,37384,7459
Video 4190,680330,8229,3063
Video 4191,163848,16455,908
Video 4192,758420,49731,9039
Video 4193,300696,5282,4330
Video 4194,324408,13676,2428
Video 4195,996065,47355,856
Video 4196,441581,29751,6287
Video 4197,90933,31854,7491
Video 4198,240930,36027,274
Video 4199,817248,17163,7711
Video 4200,978216,7410,7201
Video 4201,291282,24600,1049
Video 4202,934626,28052,6555
Video 4203,893688,23253,931
Video 4204,252116,18115,1173
Video 4205,715333,23683,3257
Video 4206,291998,25218,8607
Video 4207,665747,22306,1579
Video 4208,893076,43333,1068
Video 4209,989856,1031,9046
Video 4210,324966,14223,7135
Video 4211,153651,34435,3473
Video 4212,950098,31141,7507
Video 4213,280460,38661,4464
Video 4214,593843,47238,789
Video 4215,514300,34041,6865
Video 4216,817394,25690,7954
Video 4217,155933,25052,8471
Video 4218,940010,47647,5305
Video 4219,565535,32361,7815
Video 4220,37649,45478,5532
Video 4221,833773,15831,9267
Video 4222,255678,29774,1736
Video 4223,885784,19269,2287
Video 4224,407953,22022,2273
Video 4225,210658,12428,1226
Video 4226,273211,38655,6971
Video 4227,634734,42013,7377
Video 4228,364558,23989,4278
Video 4229,537710,10605,1212
Video 4230,144984,9822,9203
Video 4231,61241,18922,5426
Video 4232,851184,3456,2762
Video 4233,95427,10058,1531
Video 4234,346424,31981,1977
Video 4235,95655,43014,7657
Video 4236,915700,9464,4671
Video 4237,9944,16172,665
Video 4238,866916,36995,8349
Video 4239,672842,5165,7384
Video 4240,344040,31595,738
Video 4241,114305,1537,7832
Video 4242,232550,35762,6638
Video 4243,913597,33228,840
Video 4244,109713,47469,8803
Video 4245,480130,3163,9782
Video 4246,823735,7520,590
Video 4247,344680,26326,7670
Video 4248,856721,14300,5330
Video 4249,196102,9167,1114
Video 4250,363966,47224,38
Video 4251,976131,45018,3072
Video 4252,118140,46550,2823
Video 4253,279025,29317,8849
Video 4254,777638,31107,3107
Video 4255,151192,48647,5749
Video 4256,817059,26383,1076
Video 4257,302023,8764,9448
Video 4258,337016,37145,6034
Video 4259,549429,48733,639
Video 4260,973765,24428,7505
Video 4261,866494,37836,1516
Video 4262,309736,34432,5403
Video 4263,873904,22339,1935
Video 4264,197820,32099,4684
Video 4265,320007,32278,89
Video 4266,64321,14339,5024
Video 4267,423012,35320,6612
Video 4268,278614,9119,3838
Video 4269,29226,31837,3429
Video 4270,687333,14733,3324
Video 4271,477718,47924,41
Video 4272,121910,44789,4379
Video 4273,331192,6142,2532
Video 4274,633736,30969,4972
Video 4275,941134,27693,3900
Video 4276,121864,13863,3246
Video 4277,549115,42248,8511
Video 4278,709475,18826,6953
Video 4279,799320,42302,1323
Video 4280,861837,10724,9000
Video 4281,618788,10897,930
Video 4282,849000,14403,3378
Video 4283,745086,43020,3307
Video 4284,902243,25846,6230
Video 4285,906644,47826,5989
Video 4286,303133,22120,8767
Video 4287,157285,13573,8567
Video 4288,232656,21114,4871
Video 4289,313915,38721,6797
Video 4290,866558,40477,63
Video 4291,213364,25038,176
Video 4292,976743,47069,8085
Video 4293,743570,46022,1526
Video 4294,903650,14904,2430
Video 4295,582657,40878,8997
Video 4296,464571,31307,2532
Video 4297,805521,19081,585
Video 4298,851773,31622,38
Video 4299,904548,46574,7981
Video 4300,821582,26629,6907
Video 4301,319989,24308,683
Video 4302,806122,16307,3248
Video 4303,869774,8887,8056
Video 4304,508450,8179,5710
Video 4305,890280,14372,9096
Video 4306,677912,28445,113
Video 4307,216709,47956,519
Video 4308,116876,18882,6157
Video 4309,447060,1069,598
Video 4310,105306,47614,9649
Video 4311,157666,748,3470
Video 4312,921635,18760,3951
Video 4313,842023,38888,4251
Video 4314,265065,10235,7780
Video 4315,967464,46167,7623
Video 4316,851781,8264,1816
Video 4317,877802,16991,7866
Video 4318,401528,3727,4727
Video 4319,540078,44038,2055
Video 4320,506224,30341,4274
Video 4321,87961,12309,5413
Video 4322,972154,40338,6265
Video 4323,613444,18522,7146
Video 4324,682940,42873,3522
Video 4325,740315,39555,1548
Video 4326,851952,11114,1864
Video 4327,979078,3231,5883
Video 4328,41615,44209,2436
Video 4329,273220,26951,9956
Video 4330,25340,47566,2442
Video 4331,851207,48263,7561
Video 4332,726892,45027,8787
Video 4333,899166,13067,3378
Video 4334,416513,23049,4068
Video 4335,333703,5207,6991
Video 4336,547311,180,3113
Video 4337,719668,39501,7813
Video 4338,904076,26646,3938
Video 4339,601757,5278,8191
Video 4340,597731,3606,9484
Video 4341,703611,44709,1017
Video 4342,673372,17061,4887
Video 4343,844998,28110,8062
Video 4344,494054,27720,912
Video 4345,763473,17311,6523
Video 4346,500668,29446,6363
Video 4347,497697,7278,6294
Video 4348,232407,41018,7216
Video 4349,343498,42875,6456
Video 4350,560651,37439,2548
Video 4351,683629,12135,8737
Video 4352,358104,36582,5958
Video 4353,184660,35768,5426
Video 4354,628510,43480,5459
Video 4355,668961,27937,8291
Video 4356,635695,42204,2441
Video 4357,135667,21224,6358
Video 4358,810332,3396,4129
Video 4359,364191,41411,8026
Video 4360,592772,49912,9820
Video 4361,415013,49911,5597
Video 4362,762891,38052,4811
Video 4363,970411,42010,3933
Video 4364,261303,43371,3231
Video 4365,657355,29474,204
Video 4366,603530,25014,1737
Video 4367,791904,28287,6547
Video 4368,685484,48463,6182
Video 4369,230338,28805,2168
Video 4370,12442,35379,9884
Video 4371,566048,18894,714
Video 4372,545614,598,6735
Video 4373,921909,42340,3917
Video 4374,798763,10151,2431
Video 4375,115195,36012,3844
Video 4376,936027,24360,6924
Video 4377,252006,43737,3884
Video 4378,783095,30807,9421
Video 4379,312380,32282,9743
Video 4380,761372,19881,4957
Video 4381,937224,44101,8685
Video 4382,970790,42446,7321
Video 4383,719249,10586,828
Video 4384,801787,14917,2075
Video 4385,749385,5603,4456
Video 4386,179784,17900,4344
Video 4387,703407,8951,1208
Video 4388,205329,17650,7319
Video 4389,836416,41065,8090
Video 4390,147578,49199,7973
Video 4391,252633,3307,6351
Video 4392,196112,28823,1185
Video 4393,20898,20301,3580
Video 4394,433672,24938,4558
Video 4395,211763,11591,3104
Video 4396,205040,15833,2961
Video 4397,33820,13449,8433
Video 4398,891206,17936,7269
Video 4399,902219,11947,7338
Video 4400,264542,20383,7546
Video 4401,983413,11363,4348
Video 4402,945229,21981,7080
Video 4403,231692,37098,5614
Video 4404,271374,203,9957
Video 4405,850445,13888,459
Video 4406,572144,19546,7446
Video 4407,112817,33712,5351
Video 4408,543380,8345,9939
Video 4409,774809,10869,3984
Video 4410,296369,14784,2363
Video 4411,714186,21285,3873
Video 4412,972596,28043,4594
Video 4413,760357,49706,5635
Video 4414,285163,14142,529
Video 4415,92779,8981,8280
Video 4416,137848,24123,210
Video 4417,433740,48674,6108
Video 4418,621925,7788,5815
Video 4419,140478,9816,1034
Video 4420,742661,14655,7429
Video 4421,782209,20664,164
Video 4422,675293,33940,4810
Video 4423,540266,19656,8885
Video 4424,509169,6163,8224
Video 4425,285607,31535,5231
Video 4426,50201,29224,467
Video 4427,949689,40191,2507
Video 4428,839309,24793,4873
Video 4429,561660,14601,3512
Video 4430,673761,47226,9074
Video 4431,208590,43438,2695
Video 4432,646495,4261,1779
Video 4433,511056,42263,4416
Video 4434,994095,38458,2540
Video 4435,399780,31999,737
Video 4436,621070,41596,8115
Video 4437,236450,44687,4858
Video 4438,846215,33467,5809
Video 4439,28249,42169,198
Video 4440,321978,28840,6017
Video 4441,570280,42515,6139
Video 4442,324505,12912,3791
Video 4443,691485,1652,886
Video 4444,544121,37459,3238
Video 4445,111273,9376,9840
Video 4446,539888,25150,7511
Video 4447,119063,39361,8270
Video 4448,636224,46143,2876
Video 4449,938154,31875,1628
Video 4450,459395,4118,7249
Video 4451,693325,44142,3221
Video 4452,174434,8337,6237
Video 4453,129577,3879,7246
Video 4454,11701,49567,4941
Video 4455,600840,36078,8700
Video 4456,869612,9224,3899
Video 4457,809011,37439,4050
Video 4458,57302,6008,5859
Video 4459,844918,16406,2549
Video 4460,47732,34941,6093
Video 4461,946277,11313,6512
Video 4462,959897,26182,4275
Video 4463,563752,16245,7762
Video 4464,652284,45480,2788
Video 4465,788862,13616,5824
Video 4466,485414,25562,2841
Video 4467,934308,27295,4100
Video 4468,540879,26753,5143
Video 4469,470443,28086,3497
Video 4470,325968,30339,7171
Video 4471,394372,17648,1190
Video 4472,874763,4045,5090
Video 4473,927063,31503,6554
Video 4474,409922,10705,2557
Video 4475,530927,43845,7576
Video 4476,15785,29865,598
Video 4477,131641,48014,5790
Video 4478,624708,38476,7433
Video 4479,209724,5447,2613
Video 4480,488970,26290,1803
Video 4481,851378,46147,3150
Video 4482,638469,7486,5689
Video 4483,10179,21809,3156
Video 4484,96406,7732,2522
Video 4485,339020,16083,5532
Video 4486,228406,15861,8004
Video 4487,527517,22554,5673
Video 4488,589003,3675,4857
Video 4489,605757,20951,8248
Video 4490,922779,41249,4403
Video 4491,17121,43083,1197
Video 4492,555070,33833,8626
Video 4493,96495,36232,9685
Video 4494,40084,45104,4548
Video 4495,157312,5912,1284
Video 4496,503359,41260,713
Video 4497,604080,6450,5162
Video 4498,583642,48860,8732
Video 4499,833372,25316,1471
Video 4500,101063,26194,4509
Video 4501,817347,47693,7604
Video 4502,851322,28868,5062
Video 4503,138243,1992,7560
Video 4504,156388,36860,4671
Video 4505,410049,27436,907
Video 4506,39929,31151,3285
Video 4507,40668,35686,8697
Video 4508,719180,7004,2055
Video 4509,557120,8489,9093
Video 4510,863441,23372,2092
Video 4511,374405,11877,8466
Video 4512,774357,40598,8322
Video 4513,391338,21146,2797
Video 4514,886730,27783,7584
Video 4515,505788,4613,96
Video 4516,820957,25953,1345
Video 4517,668180,5472,7285
Video 4518,428401,19225,6979
Video 4519,329083,39089,1546
Video 4520,334973,41775,356
Video 4521,323219,4374,2376
Video 4522,418781,118,7400
Video 4523,277157,44756,7965
Video 4524,727584,49210,5461
Video 4525,207236,6964,8028
Video 4526,915134,39829,433
Video 4527,653041,3138,8876
Video 4528,498040,40052,85
Video 4529,554063,21139,9104
Video 4530,966180,42599,3700
Video 4531,398293,21409,1577
Video 4532,705776,8387,5285
Video 4533,515053,20380,4701
Video 4534,895576,23150,4722
Video 4535,334816,39577,4263
Video 4536,258694,2545,7265
Video 4537,630818,44923,3281
Video 4538,973325,4396,4985
Video 4539,723975,13149,2370
Video 4540,61092,33727,4099
Video 4541,380389,5991,6970
Video 4542,987047,8360,2405
Video 4543,697786,17852,9418
Video 4544,695572,16490,477
Video 4545,763305,35612,3597
Video 4546,370724,24106,6618
Video 4547,509975,40061,6188
Video 4548,206990,25408,7375
Video 4549,76729,6127,6614
Video 4550,400789,17673,5034
Video 4551,190171,19136,4445
Video 4552,253167,22590,5146
Video 4553,470759,12281,2116
Video 4554,52183,33627,4046
Video 4555,357668,25586,9847
Video 4556,721105,21711,5315
Video 4557,866936,49739,5851
Video 4558,662385,242,3115
Video 4559,38103,7187,9112
Video 4560,723044,25002,5595
Video 4561,23466,5415,2242
Video 4562,351580,27139,6630
Video 4563,718089,37620,8093
Video 4564,412405,33746,164
Video 4565,454431,12531,7951
Video 4566,918680,36033,3162
Video 4567,51614,41749,5684
Video 4568,133617,38868,311
Video 4569,222753,20796,4934
Video 4570,743281,19951,3604
Video 4571,760876,42784,2196
Video 4572,145546,810,8366
Video 4573,213091,11670,6109
Video 4574,21120,20097,6605
Video 4575,792813,18162,727
Video 4576,566715,12460,6507
Video 4577,427996,18507,9451
Video 4578,861516,387,4299
Video 4579,561419,27696,5513
Video 4580,191862,43733,6921
Video 4581,636641,16636,1485
Video 4582,768380,29728,2147
Video 4583,937824,30395,9952
Video 4584,290322,23683,2897
Video 4585,888503,46466,859
Video 4586,372881,4628,2140
Video 4587,497744,34160,7947
Video 4588,678301,34798,286
Video 4589,842585,7970,1938
Video 4590,286182,41529,62
Video 4591,344158,20399,3198
Video 4592,891079,15801,9086
Video 4593,167335,47966,319
Video 4594,469745,19968,9706
Video 4595,793122,38882,942
Video 4596,888733,16207,9013
Video 4597,572820,48307,1792
Video 4598,356989,21650,602
Video 4599,994115,29196,6146
Video 4600,768325,21771,1295
Video 4601,561030,49867,6215
Video 4602,478568,44374,3974
Video 4603,584455,46371,556
Video 4604,566694,39020,3799
Video 4605,208327,41415,3846
Video 4606,686823,42772,1880
Video 4607,769342,21009,5361
Video 4608,624647,31214,2560
Video 4609,71967,42863,3866
Video 4610,762273,2849,9501
Video 4611,835754,23357,2120
Video 4612,199600,24111,5160
Video 4613,13605,49069,3459
Video 4614,839304,8930,5814
Video 4615,784718,6097,578
Video 4616,748161,12068,6978
Video 4617,559013,21217,2776
Video 4618,819717,5526,6674
Video 4619,279529,47342,1850
Video 4620,303521,22201,676
Video 4621,373819,26151,5987
Video 4622,249200,33894,5067
Video 4623,745623,27933,2121
Video 4624,709917,12878,5575
Video 4625,703613,32291,3398
Video 4626,718059,48895,5474
Video 4627,696864,23128,5141
Video 4628,214962,12736,4092
Video 4629,433598,8601,6783
Video 4630,864491,22136,2124
Video 4631,963086,35832,2369
Video 4632,327666,11487,1440
Video 4633,765006,37439,5609
Video 4634,442220,20392,3302
Video 4635,944535,21213,487
Video 4636,951543,5441,9347
Video 4637,11856,16275,228
Video 4638,849827,35179,2282
Video 4639,484198,20859,4522
Video 4640,183408,15677,9642
Video 4641,845226,46496,1770
Video 4642,204862,14188,2189
Video 4643,366658,17869,4267
Video 4644,15032,40788,6683
Video 4645,880735,17006,4502
Video 4646,850016,16697,1833
Video 4647,645827,8102,1836
Video 4648,412589,11485,9184
Video 4649,45861,6075,4843
Video 4650,775429,14451,2744
Video 4651,280350,45375,867
Video 4652,953520,38185,2984
Video 4653,594988,47467,1761
Video 4654,117025,21093,2251
Video 4655,363323,23947,257
Video 4656,996571,44760,9545
Video 4657,868662,10364,8277
Video 4658,119942,4273,2899
Video 4659,63094,18554,3371
Video 4660,517480,31802,2611
Video 4661,504431,36981,2717
Video 4662,805665,28896,7980
Video 4663,996977,10810,1633
Video 4664,857839,46484,4685
Video 4665,53089,30606,3479
Video 4666,134742,3053,678
Video 4667,919661,2805,4261
Video 4668,539523,4517,2303
Video 4669,637493,21770,4417
Video 4670,982771,30402,3657
Video 4671,244228,12911,8572
Video 4672,280469,24504,5629
Video 4673,469374,8860,173
Video 4674,68006,2649,3063
Video 4675,176023,39457,3278
Video 4676,183124,40467,5015
Video 4677,829598,40267,8676
Video 4678,227853,33598,6627
Video 4679,351541,23348,1662
Video 4680,592815,1316,7779
Video 4681,522517,6804,3436
Video 4682,893453,26508,1367
Video 4683,338682,17916,4467
Video 4684,951228,43082,1252
Video 4685,67868,35721,7906
Video 4686,532603,20738,8485
Video 4687,82166,19140,5311
Video 4688,106801,6644,3271
Video 4689,504090,19401,3693
Video 4690,74573,27853,2893
Video 4691,612375,11338,4069
Video 4692,759189,32718,1303
Video 4693,662193,41152,2831
Video 4694,468565,42235,9073
Video 4695,43474,35656,3555
Video 4696,139777,1535,6944
Video 4697,808547,731,231
Video 4698,331453,6803,7196
Video 4699,988193,23578,992
Video 4700,274303,21583,2271
Video 4701,332007,9126,325
Video 4702,335539,49493,73
Video 4703,24326,2759,9069
Video 4704,332492,15082,1115
Video 4705,435556,32152,8203
Video 4706,153106,6780,6181
Video 4707,399865,26963,402
Video 4708,67789,16559,7781
Video 4709,346980,29735,2389
Video 4710,640789,13780,528
Video 4711,410216,5827,246
Video 4712,538190,11643,4572
Video 4713,250743,14639,6010
Video 4714,689200,30976,6008
Video 4715,629640,10072,464
Video 4716,401760,15039,71
Video 4717,256971,42804,2037
Video 4718,912208,3081,2047
Video 4719,794326,15927,9658
Video 4720,492124,399,4289
Video 4721,607980,9625,6622
Video 4722,794811,20799,3840
Video 4723,427625,23423,440
Video 4724,724319,33053,5789
Video 4725,720786,22859,805
Video 4726,812631,36786,2126
Video 4727,669568,27768,2251
Video 4728,816248,29836,2682
Video 4729,260796,22555,4380
Video 4730,414667,49556,5457
Video 4731,747974,38001,8164
Video 4732,50607,49096,6177
Video 4733,70101,26580,7993
Video 4734,646365,5357,9835
Video 4735,610081,41031,4951
Video 4736,673946,16597,671
Video 4737,215485,35192,9650
Video 4738,66357,44742,8151
Video 4739,124999,34142,9630
Video 4740,672358,30119,254
Video 4741,924540,45962,2619
Video 4742,408810,10233,2364
Video 4743,598409,14542,2831
Video 4744,205490,47779,8241
Video 4745,585882,13006,9816
Video 4746,601848,1292,360
Video 4747,348201,20848,2292
Video 4748,351516,2707,592
Video 4749,767506,35542,1346
Video 4750,746614,2736,9564
Video 4751,302351,35239,8377
Video 4752,375771,41827,9611
Video 4753,206771,11779,4409
Video 4754,781976,25271,7621
Video 4755,15625,44831,9193
Video 4756,242152,32067,4204
Video 4757,348798,41141,9149
Video 4758,157796,15276,5662
Video 4759,316001,25882,7450
Video 4760,869918,42256,5183
Video 4761,818182,26188,705
Video 4762,163326,11171,2783
Video 4763,121832,28509,2533
Video 4764,107115,896,8038
Video 4765,739259,30372,6230
Video 4766,743507,14174,8747
Video 4767,223712,43897,4117
Video 4768,425744,45715,4126
Video 4769,632261,25321,9735
Video 4770,442728,13342,6044
Video 4771,916938,39648,7164
Video 4772,845818,38958,3989
Video 4773,572612,12316,8066
Video 4774,47595,18086,3196
Video 4775,872898,48366,6559
Video 4776,593881,11476,5898
Video 4777,34521,18545,1274
Video 4778,455383,17357,8266
Video 4779,636586,34630,6710
Video 4780,813704,3011,5570
Video 4781,667305,28616,3860
Video 4782,364103,19722,7938
Video 4783,84340,43392,6623
Video 4784,493720,37167,1580
Video 4785,252490,43692,1104
Video 4786,171004,23047,7481
Video 4787,458642,6649,1953
Video 4788,360916,31791,9262
Video 4789,943096,22048,2896
Video 4790,917969,12324,9059
Video 4791,656630,32266,4970
Video 4792,226728,4688,6954
Video 4793,473645,45619,2315
Video 4794,592116,6071,3296
Video 4795,169897,9599,6616
Video 4796,809795,47748,1856
Video 4797,464562,21985,8517
Video 4798,971367,5906,4039
Video 4799,686773,2169,1594
Video 4800,41334,16604,4716
Video 4801,771886,38094,5638
Video 4802,2530,18299,3340
Video 4803,982939,44249,6049
Video 4804,231711,40735,2764
Video 4805,653836,38157,5533
Video 4806,417061,46800,2230
Video 4807,132441,6086,7635
Video 4808,34492,44307,1141
Video 4809,807448,26647,6031
Video 4810,19422,8619,699
Video 4811,121406,674,3788
Video 4812,739812,10303,1238
Video 4813,459173,18629,2622
Video 4814,94545,2233,1187
Video 4815,321106,46624,7803
Video 4816,702262,32359,1565
Video 4817,813021,32988,4011
Video 4818,590225,22229,619
Video 4819,324674,40785,4560
Video 4820,431465,2915,7421
Video 4821,110962,23073,8162
Video 4822,929539,22087,4319
Video 4823,237039,42240,1684
Video 4824,738519,23556,5908
Video 4825,420052,1755,1332
Video 4826,990125,5852,3496
Video 4827,331919,46756,4722
Video 4828,957660,24792,364
Video 4829,11249,47381,6202
Video 4830,918001,27159,7411
Video 4831,185274,23233,6538
Video 4832,214064,47965,3031
Video 4833,969488,16583,8953
Video 4834,479609,48889,1925
Video 4835,550917,10994,240
Video 4836,168501,29539,9582
Video 4837,878726,44237,2840
Video 4838,523617,11778,4477
Video 4839,144181,45845,645
Video 4840,189291,37448,656
Video 4841,362530,8607,2334
Video 4842,110389,16628,7739
Video 4843,193678,9463,7432
Video 4844,598904,25436,8190
Video 4845,261268,5386,3039
Video 4846,257821,14123,495
Video 4847,924826,45027,6436
Video 4848,596960,4050,3405
Video 4849,449028,31925,4246
Video 4850,883305,48844,6005
Video 4851,594013,14729,4868
Video 4852,936754,32494,266
Video 4853,27314,24466,606
Video 4854,585227,9920,5613
Video 4855,860112,37667,7403
Video 4856,729053,49696,4166
Video 4857,548957,34404,2367
Video 4858,695745,13103,5800
Video 4859,270366,17363,6075
Video 4860,41236,42219,6271
Video 4861,685038,11506,9818
Video 4862,605706,14966,5065
Video 4863,188477,11027,6355
Video 4864,995252,29445,7578
Video 4865,192920,47786,5771
Video 4866,227498,34877,8341
Video 4867,728059,42453,5923
Video 4868,772855,4788,8349
Video 4869,15926,20380,5115
Video 4870,542105,13966,3323
Video 4871,345172,4250,5941
Video 4872,382112,44728,9055
Video 4873,67268,24274,2719
Video 4874,31140,10833,9906
Video 4875,43754,37792,2886
Video 4876,559843,6482,5682
Video 4877,506804,47960,10
Video 4878,590650,35824,3557
Video 4879,152727,18631,9103
Video 4880,920804,998,1604
Video 4881,113516,42544,8970
Video 4882,180561,39374,2376
Video 4883,97853,18972,8866
Video 4884,378214,26557,769
Video 4885,531262,19086,9388
Video 4886,899577,30531,6480
Video 4887,36075,2097,3945
Video 4888,318214,10951,5438
Video 4889,143954,19104,4845
Video 4890,569724,23915,5376
Video 4891,31252,46727,5933
Video 4892,606438,31226,791
Video 4893,379147,20823,1928
Video 4894,883206,35342,4137
Video 4895,287184,5933,262
Video 4896,123799,19429,7700
Video 4897,718232,6077,7559
Video 4898,433747,19093,8868
Video 4899,745522,25134,1626
Video 4900,855079,10110,4873
Video 4901,893575,18488,9707
Video 4902,563324,31574,2072
Video 4903,173351,48897,9490
Video 4904,113570,28480,8629
Video 4905,983834,29944,1344
Video 4906,492757,25352,986
Video 4907,979952,38748,1595
Video 4908,334305,34003,9728
Video 4909,300659,1891,4809
Video 4910,831649,42340,4064
Video 4911,358670,43182,9687
Video 4912,544784,21752,6546
Video 4913,992377,12783,5437
Video 4914,802445,22668,1161
Video 4915,225653,45205,249
Video 4916,198648,13785,3964
Video 4917,330731,40282,7068
Video 4918,763411,29257,739
Video 4919,234857,43179,6038
Video 4920,393400,46965,8592
Video 4921,409700,1054,7554
Video 4922,973951,10362,2456
Video 4923,349236,34502,6215
Video 4924,309545,30107,8132
Video 4925,328757,47597,5667
Video 4926,766219,107,3957
Video 4927,664907,35040,3570
Video 4928,352515,2555,9079
Video 4929,136377,2355,8201
Video 4930,387072,34487,6650
Video 4931,370327,43734,3689
Video 4932,493736,12408,450
Video 4933,41922,41432,1319
Video 4934,989338,33574,2559
Video 4935,381807,468,7786
Video 4936,169853,27722,7890
Video 4937,677704,30736,2453
Video 4938,927837,12453,7570
Video 4939,756355,37601,7621
Video 4940,905794,2700,5810
Video 4941,670599,49342,3090
Video 4942,284186,15647,2017
Video 4943,90808,24559,1821
Video 4944,453971,6887,6760
Video 4945,349098,12878,3834
Video 4946,732601,13336,6672
Video 4947,175289,33681,7057
Video 4948,677464,35707,384
Video 4949,212189,41257,690
Video 4950,345607,43646,259
Video 4951,546850,32625,6870
Video 4952,977924,1421,5418
Video 4953,822288,17961,7297
Video 4954,902370,6137,9468
Video 4955,863381,6472,9556
Video 4956,182727,40065,4652
Video 4957,263411,36496,8693
Video 4958,186950,321,9715
Video 4959,696613,39753,7812
Video 4960,87828,38322,9597
Video 4961,603102,49025,6853
Video 4962,950809,24632,6647
Video 4963,830721,8572,6775
Video 4964,116736,25181,3643
Video 4965,295694,41119,2241
Video 4966,982908,36260,1227
Video 4967,652370,5370,4279
Video 4968,815506,21797,1640
Video 4969,528054,25932,7662
Video 4970,562463,36420,5581
Video 4971,712953,24557,1952
Video 4972,596665,4481,3731
Video 4973,337667,27298,7623
Video 4974,63217,44788,4638
Video 4975,613982,9254,1323
Video 4976,333211,9556,1907
Video 4977,599446,48290,5284
Video 4978,129775,33039,4115
Video 4979,821608,13375,2796
Video 4980,501588,9584,8920
Video 4981,139556,41051,1687
Video 4982,932466,10740,2230
Video 4983,819952,44603,4372
Video 4984,815888,9585,4481
Video 4985,808144,9778,8699
Video 4986,404380,30626,9018
Video 4987,573743,33112,3760
Video 4988,299709,10873,7457
Video 4989,497320,22617,9157
Video 4990,915008,37873,6810
Video 4991,104631,32733,3955
Video 4992,78499,2155,8780
Video 4993,9378,48866,1374
Video 4994,510387,45641,7229
Video 4995,809283,48928,9270
Video 4996,548162,27828,1626
Video 4997,108944,26916,1149
Video 4998,113487,29810,8018
Video 4999,397472,27778,6391
Video 5000,20038,30054,3158
Video 5001,441520,37355,4941
Video 5002,788800,40577,7780
Video 5003,184891,21028,6299
Video 5004,546839,49092,9421
Video 5005,541420,46323,6626
Video 5006,574942,2596,4820
Video 5007,886378,30440,941
Video 5008,967164,31113,4249
Video 5009,352315,2932,7623
Video 5010,871747,47298,6807
Video 5011,122372,9848,1713
Video 5012,679686,47781,1763
Video 5013,620741,38133,1543
Video 5014,664109,38878,178
Video 5015,6855,49110,9746
Video 5016,188228,2889,651
Video 5017,359614,6827,8547
Video 5018,576802,10757,8721
Video 5019,423657,382,7212
Video 5020,676697,40896,5972
Video 5021,911878,48085,5104
Video 5022,169787,20437,5497
Video 5023,866867,894,6263
Video 5024,201274,40483,2633
Video 5025,317858,49608,4608
Video 5026,177041,11900,6385
Video 5027,814229,22679,470
Video 5028,988606,4602,8616
Video 5029,457456,6132,4840
Video 5030,407594,39340,2975
Video 5031,164605,5681,2596
Video 5032,106128,31013,7218
Video 5033,874249,45217,5578
Video 5034,40149,22939,6535
Video 5035,696910,44027,754
Video 5036,711432,7565,4020
Video 5037,925334,37186,1819
Video 5038,231107,17729,6678
Video 5039,918422,43737,2211
Video 5040,434882,18682,9498
Video 5041,980704,11657,2576
Video 5042,699069,11470,4828
Video 5043,737107,4780,1110
Video 5044,490308,11151,3316
Video 5045,602353,3090,4308
Video 5046,524113,24426,1342
Video 5047,169206,14132,3922
Video 5048,620043,33170,704
Video 5049,980317,7085,680
Video 5050,40595,8110,8592
Video 5051,475347,37243,6792
Video 5052,733083,15421,9393
Video 5053,559683,18555,1651
Video 5054,608190,24078,1349
Video 5055,12543,6663,3739
Video 5056,434575,46164,5575
Video 5057,409133,47131,290
Video 5058,575226,27816,2288
Video 5059,436400,35526,59
Video 5060,859122,13079,8872
Video 5061,566157,12221,9807
Video 5062,693680,5744,2598
Video 5063,982843,44675,6037
Video 5064,660786,28962,4258
Video 5065,857462,2758,3954
Video 5066,541336,29749,3431
Video 5067,141389,34964,2858
Video 5068,509800,33128,3492
Video 5069,526768,14826,9174
Video 5070,77114,36063,5053
Video 5071,573564,26861,448
Video 5072,477577,11220,7552
Video 5073,225415,41964,5329
Video 5074,853217,43429,412
Video 5075,826315,31622,6396
Video 5076,237845,15048,6980
Video 5077,257016,48310,3412
Video 5078,439870,27251,7429
Video 5079,992043,18801,5639
Video 5080,525696,22358,1825
Video 5081,76994,39553,7564
Video 5082,751397,5099,3347
Video 5083,410861,49567,1377
Video 5084,748704,31363,960
Video 5085,564112,32214,4502
Video 5086,645776,36134,5594
Video 5087,181924,41959,5656
Video 5088,688816,34219,3682
Video 5089,352055,38540,9201
Video 5090,881825,46434,5959
Video 5091,691088,2881,7149
Video 5092,465484,48258,8859
Video 5093,685545,42257,4295
Video 5094,130255,11677,7696
Video 5095,387814,9242,6697
Video 5096,362522,14487,9330
Video 5097,582390,10144,2302
Video 5098,786280,14660,3107
Video 5099,17785,41637,6493
Video 5100,907350,32842,6013
Video 5101,33020,21877,9294
Video 5102,172102,4533,6898
Video 5103,313768,44740,9155
Video 5104,981616,36646,923
Video 5105,624509,46627,3157
Video 5106,84453,48591,7515
Video 5107,415243,19360,9559
Video 5108,33617,10620,247
Video 5109,610305,24025,4608
Video 5110,559456,43713,7736
Video 5111,549249,6773,7182
Video 5112,956026,32217,3764
Video 5113,165491,5916,6412
Video 5114,52848,19563,8343
Video 5115,519358,16601,9616
Video 5116,206650,9441,817
Video 5117,894050,47673,7514
Video 5118,881475,39314,8348
Video 5119,398768,48019,9615
Video 5120,521753,33480,5496
Video 5121,258738,15646,1070
Video 5122,898168,37178,7626
Video 5123,880097,36853,2540
Video 5124,868228,34868,7072
Video 5125,57153,37644,2493
Video 5126,995165,24130,7574
Video 5127,756709,48542,9449
Video 5128,389678,37689,1279
Video 5129,796043,16266,7813
Video 5130,166745,23922,1417
Video 5131,138010,25783,2498
Video 5132,372725,17159,2732
Video 5133,993289,11524,983
Video 5134,179021,29354,8076
Video 5135,264460,41073,9816
Video 5136,178568,9197,9567
Video 5137,828579,40950,7448
Video 5138,792831,47713,6543
Video 5139,879937,5696,6577
Video 5140,884260,16243,8850
Video 5141,929496,14678,6082
Video 5142,440505,23276,6177
Video 5143,857002,26314,2530
Video 5144,649616,3500,4748
Video 5145,424664,23954,6635
Video 5146,865532,22072,6035
Video 5147,999004,19430,4605
Video 5148,1668,33481,7485
Video 5149,420044,10788,5410
Video 5150,409598,3151,1901
Video 5151,128807,40698,6630
Video 5152,162100,31518,4773
Video 5153,518311,5864,384
Video 5154,365488,30670,6983
Video 5155,181516,41406,2523
Video 5156,264873,48222,1164
Video 5157,785601,45935,4787
Video 5158,632101,40105,516
Video 5159,855466,32413,8672
Video 5160,675546,24553,6659
Video 5161,66961,20990,618
Video 5162,565994,44177,3770
Video 5163,149276,6118,2763
Video 5164,869009,25553,2152
Video 5165,457526,1982,8142
Video 5166,53307,27855,6286
Video 5167,795033,15550,5892
Video 5168,513882,4403,8164
Video 5169,746789,25125,5034
Video 5170,126824,12376,1867
Video 5171,684726,28594,5305
Video 5172,559970,29845,4980
Video 5173,989445,49724,8661
Video 5174,618885,14752,6647
Video 5175,575182,44286,8550
Video 5176,331278,31832,5808
Video 5177,132191,25932,4136
Video 5178,646109,5755,897
Video 5179,215886,12106,2536
Video 5180,846898,48364,6200
Video 5181,606253,23550,1444
Video 5182,310055,33570,9698
Video 5183,630066,27235,9544
Video 5184,541125,43663,8761
Video 5185,550682,4531,9681
Video 5186,155750,22363,4394
Video 5187,254329,26148,2409
Video 5188,431509,19261,2473
Video 5189,976177,27745,8309
Video 5190,197894,40321,8509
Video 5191,534782,44213,6607
Video 5192,995192,16078,2055
Video 5193,241328,20193,1580
Video 5194,283836,3723,541
Video 5195,484536,34384,7249
Video 5196,385114,4529,6635
Video 5197,263924,44810,7039
Video 5198,685707,33375,3886
Video 5199,729378,10602,8577
Video 5200,413827,35681,1550
Video 5201,888927,30419,4501
Video 5202,343254,21044,9356
Video 5203,904423,10661,4298
Video 5204,627784,13890,5330
Video 5205,11477,15450,5354
Video 5206,903130,17446,1352
Video 5207,494405,42691,9014
Video 5208,750768,20745,4571
Video 5209,854307,37163,4196
Video 5210,429498,449,5730
Video 5211,577807,18431,3378
Video 5212,798624,40671,3090
Video 5213,534253,17146,7695
Video 5214,38649,19947,4711
Video 5215,226609,9083,15
Video 5216,25827,21811,3409
Video 5217,331006,41416,6314
Video 5218,745568,40529,3295
Video 5219,226183,11691,2082
Video 5220,928676,30257,46
Video 5221,410388,480,4601
Video 5222,710881,40686,4947
Video 5223,315305,15031,8479
Video 5224,342557,4593,2890
Video 5225,717184,30345,7188
Video 5226,858152,49459,1120
Video 5227,825121,1473,1962
Video 5228,132454,11395,219
Video 5229,93914,37001,755
Video 5230,337592,24355,450
Video 5231,201881,2764,4692
Video 5232,473162,13314,3071
Video 5233,172978,3658,9373
Video 5234,85802,36972,8032
Video 5235,464037,19646,5951
Video 5236,195100,42075,180
Video 5237,541155,7798,1369
Video 5238,82165,8069,4062
Video 5239,389897,45221,2863
Video 5240,276908,43707,1682
Video 5241,932327,28167,9904
Video 5242,574058,11878,4313
Video 5243,932134,20467,418
Video 5244,579934,38514,2194
Video 5245,187002,21014,4345
Video 5246,521129,26227,5070
Video 5247,599691,7558,4710
Video 5248,627876,1720,6160
Video 5249,557025,22988,3764
Video 5250,398690,12755,7860
Video 5251,825487,1101,5870
Video 5252,933599,21783,8023
Video 5253,119647,16982,7945
Video 5254,163980,6718,2939
Video 5255,524367,27724,6218
Video 5256,203867,41312,9905
Video 5257,999798,16382,3487
Video 5258,595850,17043,9376
Video 5259,236033,6657,7857
Video 5260,570617,14677,5760
Video 5261,809285,17810,6282
Video 5262,976109,24235,1782
Video 5263,711756,26128,198
Video 5264,283021,21810,1659
Video 5265,614672,21361,3449
Video 5266,751102,34122,8045
Video 5267,607033,47548,8677
Video 5268,519466,3390,6690
Video 5269,598393,5595,5102
Video 5270,713696,21853,7293
Video 5271,478417,30004,9293
Video 5272,298714,459,2878
Video 5273,32278,37369,3085
Video 5274,211181,19569,4497
Video 5275,996866,26520,9972
Video 5276,407472,19925,8338
Video 5277,247549,12338,3766
Video 5278,718847,35789,8159
Video 5279,456991,43423,7123
Video 5280,910930,34065,5941
Video 5281,268490,45196,9139
Video 5282,810179,13116,3336
Video 5283,37998,36800,6694
Video 5284,535840,15289,8293
Video 5285,787595,3212,7584
Video 5286,634172,15936,4881
Video 5287,503503,27205,1906
Video 5288,309846,6393,8185
Video 5289,317815,5003,6717
Video 5290,853152,25384,1091
Video 5291,559510,39551,7425
Video 5292,596679,41057,2936
Video 5293,827631,9706,4720
Video 5294,75771,48493,8672
Video 5295,897063,41813,3007
Video 5296,308661,25990,3556
Video 5297,45169,49857,143
Video 5298,3202,42339,2069
Video 5299,737300,24718,9191
Video 5300,174863,20167,7204
Video 5301,95393,44491,5827
Video 5302,230692,6413,5987
Video 5303,328771,25350,8605
Video 5304,335965,27347,8687
Video 5305,962451,18026,2357
Video 5306,71878,36957,7435
Video 5307,44577,32845,1063
Video 5308,492855,31999,5393
Video 5309,312943,37680,1628
Video 5310,416283,26208,1908
Video 5311,932173,40091,6603
Video 5312,342678,3484,4871
Video 5313,66277,36319,67
Video 5314,8996,21280,1366
Video 5315,783643,27528,3119
Video 5316,588829,41438,8654
Video 5317,947858,2395,6152
Video 5318,543371,20334,1657
Video 5319,891007,49651,7072
Video 5320,206762,27120,564
Video 5321,468606,48689,2074
Video 5322,261570,16682,8129
Video 5323,27215,24903,3801
Video 5324,204562,39563,4928
Video 5325,200377,24244,8437
Video 5326,649274,32766,3577
Video 5327,58231,2417,5060
Video 5328,482129,25201,3575
Video 5329,643507,42000,8981
Video 5330,115993,23246,5572
Video 5331,363788,11037,9273
Video 5332,36170,19384,1911
Video 5333,708419,15150,1228
Video 5334,808768,49722,979
Video 5335,7737,49476,3419
Video 5336,507415,24860,8648
Video 5337,117062,4302,210
Video 5338,851990,49345,7177
Video 5339,995064,23326,3808
Video 5340,369231,32560,1464
Video 5341,598330,26960,6772
Video 5342,497988,1146,8533
Video 5343,425844,29638,3210
Video 5344,235590,19429,3158
Video 5345,386138,46510,3180
Video 5346,629587,49320,8516
Video 5347,158453,21088,2412
Video 5348,110806,9319,2939
Video 5349,253741,39572,9169
Video 5350,545407,45258,6939
Video 5351,633007,40898,4560
Video 5352,113837,8951,2646
Video 5353,407611,10399,4918
Video 5354,766322,44542,7368
Video 5355,957328,33045,2780
Video 5356,564843,41427,4836
Video 5357,744356,34561,1742
Video 5358,634242,39482,7561
Video 5359,326306,9305,7113
Video 5360,48511,23720,217
Video 5361,122261,1237,5636
Video 5362,950759,19559,8110
Video 5363,265069,9637,5558
Video 5364,522374,10768,3737
Video 5365,264713,1692,2029
Video 5366,749433,48105,2888
Video 5367,169237,42011,4380
Video 5368,234600,41719,379
Video 5369,361204,16097,6491
Video 5370,40073,27011,2798
Video 5371,925169,14716,9203
Video 5372,894249,44477,6839
Video 5373,496429,37181,2371
Video 5374,544104,12917,2475
Video 5375,196484,5259,8388
Video 5376,431173,22533,6311
Video 5377,260408,29194,4283
Video 5378,598550,30184,2283
Video 5379,584359,16016,148
Video 5380,763471,37042,8243
Video 5381,981736,11206,5084
Video 5382,474727,26482,3756
Video 5383,805106,22737,884
Video 5384,474029,12715,9532
Video 5385,562983,23521,9203
Video 5386,128458,40124,3285
Video 5387,324234,46044,2912
Video 5388,73432,35013,2428
Video 5389,789538,24401,2010
Video 5390,29703,6217,2897
Video 5391,845955,8894,9214
Video 5392,419398,26627,4060
Video 5393,108984,41233,6657
Video 5394,218341,49319,3009
Video 5395,463033,25318,2465
Video 5396,232112,30987,3487
Video 5397,626953,12535,4468
Video 5398,545828,37837,3580
Video 5399,997026,15714,8803
Video 5400,399325,26171,2068
Video 5401,295795,13553,7158
Video 5402,185867,19469,3864
Video 5403,893406,47528,9277
Video 5404,672610,49148,8215
Video 5405,780146,3916,4306
Video 5406,677223,7467,9561
Video 5407,76292,16601,2230
Video 5408,890127,27932,971
Video 5409,991078,16319,6050
Video 5410,77611,47476,8691
Video 5411,962581,43349,9146
Video 5412,822396,29740,3423
Video 5413,381623,790,9510
Video 5414,291071,27609,9944
Video 5415,67277,42525,643
Video 5416,9282,1754,6603
Video 5417,212086,183,5542
Video 5418,653813,19110,5970
Video 5419,38004,7662,6456
Video 5420,776819,35700,1894
Video 5421,637552,2348,1376
Video 5422,189225,15514,3165
Video 5423,269976,1545,8534
Video 5424,7899,24037,512
Video 5425,797236,15634,1093
Video 5426,142302,3395,6217
Video 5427,290201,26369,5563
Video 5428,105910,49295,9565
Video 5429,433552,6674,8860
Video 5430,196203,39752,9289
Video 5431,300647,5961,6326
Video 5432,590007,46739,9373
Video 5433,714256,993,2442
Video 5434,638974,41411,6146
Video 5435,397077,8897,5260
Video 5436,359918,33995,3927
Video 5437,201729,12023,5864
Video 5438,311614,13407,1472
Video 5439,722904,47010,4952
Video 5440,985996,43845,3085
Video 5441,28111,2778,4930
Video 5442,243684,8135,2247
Video 5443,788001,16157,7560
Video 5444,834241,24615,3654
Video 5445,284648,21553,5454
Video 5446,623353,48243,617
Video 5447,349954,38588,2269
Video 5448,993416,1861,2276
Video 5449,848392,15797,5752
Video 5450,442436,16099,2368
Video 5451,220487,16548,9012
Video 5452,152275,14804,1455
Video 5453,895028,39285,2901
Video 5454,879532,37197,9469
Video 5455,12948,38310,2606
Video 5456,675599,40619,1230
Video 5457,467282,33555,5736
Video 5458,239230,14882,9408
Video 5459,413697,36387,9001
Video 5460,204106,35748,7276
Video 5461,462942,27248,7719
Video 5462,213580,1274,7253
Video 5463,470786,24618,5272
Video 5464,26356,9279,2816
Video 5465,498913,24066,1864
Video 5466,893090,5125,5994
Video 5467,849856,35118,2788
Video 5468,125078,19200,7611
Video 5469,599549,28064,4760
Video 5470,960825,17825,5801
Video 5471,336619,14263,8962
Video 5472,400617,40019,4064
Video 5473,633588,16850,1761
Video 5474,225037,23245,1085
Video 5475,907334,22954,8325
Video 5476,781889,36980,8386
Video 5477,190605,45340,1052
Video 5478,115828,48609,1469
Video 5479,581216,11337,6020
Video 5480,55269,17455,2804
Video 5481,29995,17359,4681
Video 5482,105241,10256,8529
Video 5483,93800,37912,8353
Video 5484,669760,9339,6855
Video 5485,505307,33801,5234
Video 5486,931423,2848,5080
Video 5487,528398,20275,3252
Video 5488,179029,20566,327
Video 5489,901967,206,7686
Video 5490,302124,26845,3980
Video 5491,944525,44177,9396
Video 5492,665955,33484,2403
Video 5493,808516,10276,3805
Video 5494,179100,12043,8005
Video 5495,641532,18192,6095
Video 5496,851753,38405,6753
Video 5497,757831,30786,2515
Video 5498,839238,27695,9150
Video 5499,179087,41545,6274
Video 5500,517919,1516,8179
Video 5501,2139,20327,2596
Video 5502,392474,34542,5751
Video 5503,26749,34360,73
Video 5504,641220,35580,6459
Video 5505,388073,294,792
Video 5506,706524,9617,4371
Video 5507,914196,35890,8852
Video 5508,683091,31314,8875
Video 5509,690613,40472,254
Video 5510,300765,2334,6775
Video 5511,959461,12163,537
Video 5512,510349,15407,2398
Video 5513,144323,2253,2958
Video 5514,671010,36353,1248
Video 5515,960011,39256,5377
Video 5516,222675,13096,4841
Video 5517,175313,19436,7202
Video 5518,260253,37335,2738
Video 5519,602781,27536,3891
Video 5520,740028,12544,9076
Video 5521,538722,1539,9343
Video 5522,956485,23961,2199
Video 5523,1926,8730,3799
Video 5524,620405,27671,5530
Video 5525,275079,1661,6586
Video 5526,359589,47435,4576
Video 5527,781802,49039,1023
Video 5528,653409,42686,4305
Video 5529,346769,13785,2502
Video 5530,848197,35625,4237
Video 5531,554813,12050,1055
Video 5532,236447,45984,5161
Video 5533,297329,17164,5507
Video 5534,932430,41566,5631
Video 5535,605036,27467,1006
Video 5536,808118,23941,6646
Video 5537,537340,31544,6976
Video 5538,273498,2434,2240
Video 5539,227212,42995,468
Video 5540,298951,29554,1151
Video 5541,256978,32305,9052
Video 5542,779229,13526,2718
Video 5543,4401,2677,6720
Video 5544,103299,46991,1073
Video 5545,441721,21404,2606
Video 5546,985494,23566,9364
Video 5547,220690,17051,4207
Video 5548,603978,42250,6113
Video 5549,973627,43312,8069
Video 5550,305838,28615,5242
Video 5551,144695,33395,8292
Video 5552,44475,25197,8143
Video 5553,144780,13081,4898
Video 5554,412544,45213,6520
Video 5555,231073,5965,5543
Video 5556,916654,8141,8460
Video 5557,180645,38610,3901
Video 5558,630499,35199,3595
Video 5559,908551,1153,3275
Video 5560,266797,19150,5392
Video 5561,557381,10759,743
Video 5562,65737,48833,5178
Video 5563,737127,32141,8926
Video 5564,141921,48472,1227
Video 5565,311297,35813,7990
Video 5566,869167,1395,7830
Video 5567,396318,44176,9039
Video 5568,569459,42032,4193
Video 5569,937151,30140,2796
Video 5570,441094,19880,7030
Video 5571,320233,46991,4080
Video 5572,100082,26757,4521
Video 5573,812217,48981,1441
Video 5574,111937,25027,2681
Video 5575,505859,46878,6735
Video 5576,250966,10816,979
Video 5577,867545,7199,8409
Video 5578,302945,39194,4168
Video 5579,261530,41385,6492
Video 5580,468434,19196,8254
Video 5581,395411,16542,3699
Video 5582,18333,38889,7390
Video 5583,64602,45307,9603
Video 5584,206178,34674,792
Video 5585,891946,9067,632
Video 5586,620506,48842,1060
Video 5587,436446,18011,3774
Video 5588,789966,17791,42
Video 5589,515482,19892,5021
Video 5590,326560,26879,6172
Video 5591,812687,22982,7976
Video 5592,663942,39457,501
Video 5593,211126,4924,6348
Video 5594,211215,48430,9851
Video 5595,360899,5582,941
Video 5596,554846,14417,1108
Video 5597,351671,45692,8456
Video 5598,348581,33569,3974
Video 5599,760332,23884,9768
Video 5600,121839,20723,4232
Video 5601,141920,20492,7073
Video 5602,881074,21764,2184
Video 5603,417264,17652,6026
Video 5604,777482,30244,941
Video 5605,374299,1519,9924
Video 5606,850609,42117,8284
Video 5607,440356,26452,9429
Video 5608,547200,38727,773
Video 5609,424644,15680,4122
Video 5610,906582,35729,4574
Video 5611,825265,35711,4290
Video 5612,824959,39724,6897
Video 5613,980117,6650,8226
Video 5614,394701,32932,8914
Video 5615,519793,43670,1732
Video 5616,471964,28458,8221
Video 5617,253272,891,9811
Video 5618,484728,15293,5738
Video 5619,641611,7989,3516
Video 5620,736729,30657,258
Video 5621,644705,35994,2485
Video 5622,655779,40973,8932
Video 5623,59946,14714,2322
Video 5624,245971,13588,4406
Video 5625,879746,26064,3678
Video 5626,842147,20995,1817
Video 5627,205976,43918,1050
Video 5628,677793,47136,8689
Video 5629,390494,825,573
Video 5630,22445,24699,8051
Video 5631,897383,39186,1664
Video 5632,115288,32150,2144
Video 5633,201540,38876,3010
Video 5634,632418,21158,1593
Video 5635,887578,39945,9038
Video 5636,699238,18495,8276
Video 5637,363030,26331,5863
Video 5638,596244,14595,6730
Video 5639,711139,29150,4432
Video 5640,852904,14828,3312
Video 5641,508498,5391,5220
Video 5642,141277,46551,8739
Video 5643,76382,42642,2865
Video 5644,82630,8954,4781
Video 5645,237146,4477,452
Video 5646,88325,28632,7859
Video 5647,887921,24164,9150
Video 5648,351803,22110,7099
Video 5649,882155,45515,8379
Video 5650,209457,23958,1878
Video 5651,180761,19433,6422
Video 5652,495777,44153,5779
Video 5653,28105,4740,7797
Video 5654,938827,40382,3629
Video 5655,636264,21790,6871
Video 5656,543383,28447,2028
Video 5657,882380,43783,2226
Video 5658,47311,40477,8428
Video 5659,250530,7513,5759
Video 5660,60997,7559,9573
Video 5661,238915,30383,753
Video 5662,545546,22662,5292
Video 5663,441714,5748,9150
Video 5664,270493,27803,6097
Video 5665,966471,16414,2478
Video 5666,750280,35913,2812
Video 5667,217275,18560,2545
Video 5668,602825,38869,2694
Video 5669,695710,40903,5500
Video 5670,261349,4841,7156
Video 5671,739035,33177,7195
Video 5672,341247,9389,9081
Video 5673,622545,5878,3983
Video 5674,402593,9384,3173
Video 5675,557306,31676,7595
Video 5676,202653,19946,6240
Video 5677,260026,11706,2951
Video 5678,581660,9188,8064
Video 5679,913064,49640,1511
Video 5680,106516,22395,9906
Video 5681,185886,29994,919
Video 5682,466472,36038,5044
Video 5683,558559,18643,2899
Video 5684,127406,20022,6069
Video 5685,299731,2727,7961
Video 5686,885903,40394,1783
Video 5687,385239,18285,9467
Video 5688,431623,46564,6997
Video 5689,764931,42182,2971
Video 5690,481400,39226,6471
Video 5691,210941,13506,5931
Video 5692,480736,24074,4850
Video 5693,982102,20817,545
Video 5694,453573,2624,6833
Video 5695,252406,8801,5968
Video 5696,5818,2799,5705
Video 5697,144607,9239,9652
Video 5698,428677,49593,2132
Video 5699,888981,7571,8493
Video 5700,116749,43158,7801
Video 5701,13541,8531,1736
Video 5702,487596,20570,9345
Video 5703,746243,7312,4381
Video 5704,464337,6521,8445
Video 5705,148303,41425,5858
Video 5706,140172,9293,3618
Video 5707,296930,42629,9943
Video 5708,94103,8084,7672
Video 5709,24425,44380,4775
Video 5710,34649,47162,2623
Video 5711,697219,33112,8605
Video 5712,304704,12327,5307
Video 5713,93048,18955,5084
Video 5714,131818,6738,9188
Video 5715,918748,42841,1930
Video 5716,850464,33461,2358
Video 5717,381611,18554,7131
Video 5718,771316,27129,921
Video 5719,767634,22716,1751
Video 5720,25584,34036,8645
Video 5721,766063,2335,6445
Video 5722,67657,13071,631
Video 5723,24252,27954,4468
Video 5724,846449,11050,6618
Video 5725,197420,10706,4081
Video 5726,292040,32525,4702
Video 5727,684612,26713,4312
Video 5728,370095,25745,3622
Video 5729,130265,15127,2340
Video 5730,251310,41237,2487
Video 5731,963103,34717,4160
Video 5732,792737,39402,7696
Video 5733,832703,44522,8909
Video 5734,382601,41845,7230
Video 5735,508210,48876,8526
Video 5736,595732,7382,2606
Video 5737,71930,44294,5773
Video 5738,479229,33539,4369
Video 5739,189884,13416,7120
Video 5740,936128,34711,9443
Video 5741,584673,45392,1865
Video 5742,696087,46054,4221
Video 5743,331737,40484,8931
Video 5744,408141,8116,4071
Video 5745,300681,2107,2964
Video 5746,22561,48946,4159
Video 5747,178610,9819,8814
Video 5748,406042,16496,5529
Video 5749,698279,16029,1147
Video 5750,800560,2625,2300
Video 5751,441285,27296,7443
Video 5752,196595,13150,9843
Video 5753,324655,20323,5459
Video 5754,319525,40254,4522
Video 5755,26713,12855,6115
Video 5756,491073,34160,6720
Video 5757,230133,7402,3143
Video 5758,93255,27672,9681
Video 5759,63432,8997,9550
Video 5760,364996,24467,7779
Video 5761,621766,30192,3006
Video 5762,399518,39646,6895
Video 5763,13637,28461,3121
Video 5764,892589,10459,7895
Video 5765,883232,31609,6747
Video 5766,170366,41847,1885
Video 5767,393142,3032,6599
Video 5768,109663,28245,5093
Video 5769,490835,7313,1404
Video 5770,883173,19423,2314
Video 5771,262607,22295,5037
Video 5772,723539,39180,8837
Video 5773,278050,13909,1846
Video 5774,159494,37484,5236
Video 5775,681160,47107,9163
Video 5776,778345,33618,8685
Video 5777,528738,9922,6446
Video 5778,272565,40472,9359
Video 5779,814841,15431,1457
Video 5780,516484,31080,3509
Video 5781,986968,26711,6781
Video 5782,282599,11930,851
Video 5783,653452,8243,9338
Video 5784,133332,8335,846
Video 5785,553610,49632,4826
Video 5786,2884,47751,4447
Video 5787,46724,28973,7595
Video 5788,952098,39034,724
Video 5789,612270,8555,5100
Video 5790,224422,45811,3341
Video 5791,922273,45085,5897
Video 5792,915716,49825,8952
Video 5793,323453,18104,8313
Video 5794,658357,48882,5270
Video 5795,560184,21434,7513
Video 5796,59430,5883,3204
Video 5797,623053,10881,9614
Video 5798,420058,11237,6822
Video 5799,63703,17655,9415
Video 5800,664535,48204,7560
Video 5801,614054,12627,2048
Video 5802,252860,14017,273
Video 5803,218523,47945,1115
Video 5804,734630,32287,8494
Video 5805,100731,45528,522
Video 5806,864606,46803,2220
Video 5807,375850,15840,6464
Video 5808,350140,5166,2570
Video 5809,147424,34561,7641
Video 5810,202726,23933,8845
Video 5811,184270,44847,3688
Video 5812,149303,32542,9821
Video 5813,447702,25023,8964
Video 5814,827778,13886,3704
Video 5815,779914,6013,8546
Video 5816,78352,13622,6083
Video 5817,381052,12633,9979
Video 5818,997366,18192,7421
Video 5819,789783,16807,9081
Video 5820,553602,672,8152
Video 5821,276139,40225,8192
Video 5822,609476,33525,5003
Video 5823,705479,3131,7213
Video 5824,111070,18572,1383
Video 5825,368594,11118,6325
Video 5826,339360,44607,3342
Video 5827,692825,16858,675
Video 5828,139980,11392,5587
Video 5829,245541,38325,6279
Video 5830,298770,26366,6809
Video 5831,673721,1001,8325
Video 5832,320888,7559,8954
Video 5833,358156,30596,6646
Video 5834,157772,19636,9628
Video 5835,261622,13217,1940
Video 5836,698253,34619,79
Video 5837,876619,40718,7134
Video 5838,439671,38373,9853
Video 5839,131918,41305,8368
Video 5840,600250,15631,7977
Video 5841,739088,20201,9657
Video 5842,63655,25208,1497
Video 5843,719093,3229,3544
Video 5844,853921,16542,4970
Video 5845,917967,40830,2576
Video 5846,591535,3125,6750
Video 5847,435219,21694,9508
Video 5848,567027,12086,1247
Video 5849,803698,32200,5773
Video 5850,37024,30937,7374
Video 5851,806213,46970,3052
Video 5852,667421,20834,5440
Video 5853,458989,1768,7094
Video 5854,65241,13719,5513
Video 5855,661370,33092,2902
Video 5856,373772,25500,7070
Video 5857,734147,25804,7154
Video 5858,842948,46455,2982
Video 5859,219911,27743,8029
Video 5860,523530,5959,1150
Video 5861,446499,17059,5208
Video 5862,136609,24157,8423
Video 5863,821005,31420,655
Video 5864,272351,4884,914
Video 5865,92949,49721,2335
Video 5866,438012,4917,2316
Video 5867,774580,7700,558
Video 5868,789426,12741,6119
Video 5869,623698,11419,3203
Video 5870,127153,28797,79
Video 5871,721965,2858,5435
Video 5872,408112,44763,9494
Video 5873,390728,6568,8314
Video 5874,646604,49284,3697
Video 5875,758585,22685,8902
Video 5876,32744,49484,1502
Video 5877,765897,10751,1105
Video 5878,812281,35821,9117
Video 5879,325430,29418,8145
Video 5880,180025,10247,5511
Video 5881,928156,39757,8886
Video 5882,514491,21315,2140
Video 5883,715596,10947,685
Video 5884,437756,46972,8572
Video 5885,1767,31123,903
Video 5886,805502,969,300
Video 5887,363710,13991,4954
Video 5888,868825,4026,3263
Video 5889,972480,28858,5066
Video 5890,730176,13381,1976
Video 5891,11211,14801,7801
Video 5892,52286,41154,558
Video 5893,801977,43187,9909
Video 5894,892616,23797,9707
Video 5895,718951,24521,347
Video 5896,732117,20834,621
Video 5897,507937,19658,6383
Video 5898,46952,32834,7436
Video 5899,60198,27644,6360
Video 5900,704334,11406,3128
Video 5901,413864,48114,369
Video 5902,516192,49616,6069
Video 5903,694773,11658,2218
Video 5904,100763,24832,1209
Video 5905,461232,10265,9715
Video 5906,807164,13197,1283
Video 5907,195091,15856,7029
Video 5908,208448,10315,3082
Video 5909,315978,46522,2796
Video 5910,805100,23773,4436
Video 5911,890630,49992,2444
Video 5912,888421,38944,6938
Video 5913,723926,650,8094
Video 5914,321054,6722,3125
Video 5915,241224,41112,1577
Video 5916,745092,638,3851
Video 5917,754554,16395,3719
Video 5918,154568,25443,6861
Video 5919,888311,47760,211
Video 5920,410961,9164,5263
Video 5921,490617,49179,3827
Video 5922,204417,22774,8894
Video 5923,460608,4169,7597
Video 5924,596441,2830,752
Video 5925,794877,47129,4504
Video 5926,436760,7311,5599
Video 5927,741047,13221,2433
Video 5928,37611,12029,2412
Video 5929,56757,35438,1658
Video 5930,222457,49003,3585
Video 5931,363225,42284,6124
Video 5932,911269,29504,190
Video 5933,186919,13596,8335
Video 5934,898461,387,2698
Video 5935,508013,3078,8524
Video 5936,373727,48336,859
Video 5937,642693,21277,7292
Video 5938,95366,34531,2997
Video 5939,924697,39732,317
Video 5940,159464,34048,2252
Video 5941,956669,22480,950
Video 5942,659231,12552,9038
Video 5943,544019,30798,2198
Video 5944,56733,46211,3067
Video 5945,529017,15745,417
Video 5946,177352,2602,169
Video 5947,848219,374,316
Video 5948,721766,12833,9314
Video 5949,525461,44681,5365
Video 5950,500841,47762,3260
Video 5951,356906,40027,644
Video 5952,482471,36733,954
Video 5953,642239,31990,2181
Video 5954,155481,3224,4739
Video 5955,802564,46011,6404
Video 5956,346273,33266,2766
Video 5957,583168,14566,1863
Video 5958,430168,39682,8345
Video 5959,491638,14099,9097
Video 5960,368832,876,6844
Video 5961,776587,46378,3131
Video 5962,587721,4995,8073
Video 5963,909219,47765,3259
Video 5964,363477,33238,6435
Video 5965,704013,12238,4787
Video 5966,407917,33710,8908
Video 5967,674324,8645,2523
Video 5968,825968,15438,2332
Video 5969,714862,23951,8787
Video 5970,753996,47783,4450
Video 5971,739056,49914,4442
Video 5972,488189,2880,9706
Video 5973,596151,29260,1487
Video 5974,962163,9157,8354
Video 5975,840891,27833,5243
Video 5976,896834,31272,1685
Video 5977,896297,39091,9446
Video 5978,999083,24106,6399
Video 5979,975280,1111,6456
Video 5980,20761,26623,8652
Video 5981,592185,17996,8177
Video 5982,638969,36177,943
Video 5983,210035,24818,2854
Video 5984,996189,10056,5119
Video 5985,61226,5443,5074
Video 5986,725300,44175,8600
Video 5987,986564,43794,6276
Video 5988,515252,49585,9971
Video 5989,458040,12960,1304
Video 5990,45769,40942,9913
Video 5991,479877,10253,9730
Video 5992,702069,29383,434
Video 5993,843455,23512,420
Video 5994,429397,25447,459
Video 5995,453141,41074,1026
Video 5996,947142,12732,5728
Video 5997,693278,18474,7342
Video 5998,840786,616,1021
Video 5999,272754,33928,6636
Video 6000,724284,18430,5789
Video 6001,931469,26877,5063
Video 6002,608138,27969,8507
Video 6003,841403,30270,3564
Video 6004,931458,5366,8207
Video 6005,141474,27196,689
Video 6006,336435,46182,7202
Video 6007,905451,12628,8482
Video 6008,347188,30698,9014
Video 6009,390157,33302,2790
Video 6010,654220,6423,7727
Video 6011,93044,35813,8498
Video 6012,650522,2834,1581
Video 6013,51512,22039,390
Video 6014,342277,9595,2025
Video 6015,935831,11989,3457
Video 6016,293261,8723,6400
Video 6017,534036,46223,6455
Video 6018,376236,27829,4579
Video 6019,448352,22975,7925
Video 6020,292432,43388,3816
Video 6021,387248,22182,7365
Video 6022,425863,7871,380
Video 6023,548160,10227,9619
Video 6024,665966,24612,7248
Video 6025,884861,31756,8829
Video 6026,932230,42123,790
Video 6027,301021,46833,5032
Video 6028,844647,48730,3245
Video 6029,84366,3169,5804
Video 6030,68048,6989,5195
Video 6031,38711,14247,468
Video 6032,644202,33739,7545
Video 6033,131929,49656,1354
Video 6034,802869,39916,9173
Video 6035,74124,39479,9398
Video 6036,114564,47083,4328
Video 6037,28329,28517,7892
Video 6038,730769,27026,2685
Video 6039,16312,36060,6968
Video 6040,251068,49763,3001
Video 6041,573759,12005,8822
Video 6042,232884,15364,989
Video 6043,264030,37367,3904
Video 6044,220521,48882,2686
Video 6045,214108,18117,7482
Video 6046,992338,12156,6171
Video 6047,912679,13027,8179
Video 6048,347728,36910,2936
Video 6049,544326,22539,1738
Video 6050,682437,23916,1937
Video 6051,733176,13261,8221
Video 6052,329564,34316,9677
Video 6053,694954,25831,4580
Video 6054,266418,14722,4373
Video 6055,713970,35388,9275
Video 6056,494229,16528,5472
Video 6057,510063,10860,4860
Video 6058,317849,9568,1220
Video 6059,667188,13946,5385
Video 6060,592797,3412,3653
Video 6061,396423,47844,3569
Video 6062,927783,2044,2176
Video 6063,106714,42080,360
Video 6064,766028,47509,6013
Video 6065,346104,19535,1017
Video 6066,243710,41710,4160
Video 6067,55581,13086,9287
Video 6068,330902,31022,6713
Video 6069,214551,38713,6989
Video 6070,402341,9482,1639
Video 6071,409718,1213,9965
Video 6072,851702,37706,7007
Video 6073,503173,15517,7569
Video 6074,489097,45464,8084
Video 6075,504972,10192,8952
Video 6076,456591,41077,7355
Video 6077,350682,10691,9380
Video 6078,893795,8263,1131
Video 6079,870564,38343,3022
Video 6080,814757,17973,9415
Video 6081,735196,41741,1398
Video 6082,509042,40216,5158
Video 6083,492097,36864,4089
Video 6084,169132,24497,1155
Video 6085,651758,20812,3477
Video 6086,688863,10402,1686
Video 6087,825115,28222,5324
Video 6088,436808,35244,9864
Video 6089,620229,26518,6973
Video 6090,643093,5314,769
Video 6091,863197,17415,6032
Video 6092,672516,40283,6729
Video 6093,338906,31557,695
Video 6094,897063,12311,5058
Video 6095,600587,40204,1668
Video 6096,996188,14800,7027
Video 6097,936153,282,6837
Video 6098,28647,22776,4898
Video 6099,870525,30268,5456
Video 6100,394917,20195,5395
Video 6101,242198,15550,3004
Video 6102,238737,5377,9100
Video 6103,966980,46868,8873
Video 6104,364427,35223,6037
Video 6105,703065,15906,1771
Video 6106,820243,13627,8901
Video 6107,293518,30059,8542
Video 6108,999952,6478,7418
Video 6109,869425,11686,6961
Video 6110,561197,12466,2978
Video 6111,171701,21620,6252
Video 6112,297294,11708,1847
Video 6113,8365,35741,9069
Video 6114,359242,25978,5952
Video 6115,223509,4797,8511
Video 6116,944722,25449,4997
Video 6117,586552,9467,9662
Video 6118,462510,8357,8007
Video 6119,742987,27613,1502
Video 6120,474070,31524,6181
Video 6121,635922,20863,1590
Video 6122,591125,39358,7844
Video 6123,631404,4445,1368
Video 6124,461889,39249,866
Video 6125,301746,48426,3506
Video 6126,914409,29448,203
Video 6127,905644,31711,8421
Video 6128,476630,4489,3112
Video 6129,664681,16638,614
Video 6130,173464,13708,9246
Video 6131,797321,49484,3652
Video 6132,680982,40214,2673
Video 6133,650370,11615,3705
Video 6134,260880,21536,5282
Video 6135,918426,27089,6465
Video 6136,383824,48706,8927
Video 6137,858566,11312,6083
Video 6138,546992,48893,9908
Video 6139,328575,34717,3105
Video 6140,489589,29643,1929
Video 6141,297060,27895,7882
Video 6142,897763,3819,5996
Video 6143,42630,44288,7355
Video 6144,41909,23493,5211
Video 6145,419246,46547,3643
Video 6146,894343,44719,2059
Video 6147,347307,48556,6482
Video 6148,259399,18878,3951
Video 6149,427322,29041,4425
Video 6150,993932,21571,2140
Video 6151,400332,27979,3193
Video 6152,866076,38306,5178
Video 6153,189526,48742,5570
Video 6154,378725,28098,7589
Video 6155,709967,47283,1315
Video 6156,907294,29508,2570
Video 6157,252797,5053,51
Video 6158,245609,10912,2843
Video 6159,26898,30536,9068
Video 6160,262405,49287,3614
Video 6161,34585,15073,8152
Video 6162,250831,36196,5795
Video 6163,198030,26746,3786
Video 6164,59297,5485,13
Video 6165,246562,43462,4099
Video 6166,924827,17455,7699
Video 6167,962567,41501,9472
Video 6168,448570,38563,8076
Video 6169,157830,28911,7883
Video 6170,369182,48013,7781
Video 6171,362648,2773,4219
Video 6172,406448,10370,691
Video 6173,593024,38657,6821
Video 6174,938560,249,4872
Video 6175,770984,12717,8982
Video 6176,450271,29760,6529
Video 6177,902611,26492,7634
Video 6178,55836,47176,5620
Video 6179,110094,23143,5782
Video 6180,44354,5302,8655
Video 6181,174312,45293,708
Video 6182,35781,5307,6804
Video 6183,295044,30045,4394
Video 6184,47145,10105,1346
Video 6185,285055,13288,2641
Video 6186,189274,34145,8157
Video 6187,681395,15792,9333
Video 6188,949265,29796,2272
Video 6189,21725,44766,2336
Video 6190,294179,10597,4331
Video 6191,312991,46756,2238
Video 6192,930201,34813,6880
Video 6193,910322,20826,8897
Video 6194,810955,44003,4608
Video 6195,650944,8695,1582
Video 6196,63457,38446,727
Video 6197,472407,26258,580
Video 6198,580004,36268,8734
Video 6199,302771,11239,7545
Video 6200,704454,28106,4627
Video 6201,646907,6752,7938
Video 6202,93814,47875,3823
Video 6203,312798,1254,1072
Video 6204,309299,13905,3148
Video 6205,819615,20155,3792
Video 6206,22663,28247,4878
Video 6207,112360,25524,294
Video 6208,348953,46834,1849
Video 6209,646432,48095,1940
Video 6210,498059,11645,1421
Video 6211,570452,16384,3344
Video 6212,426559,34643,8644
Video 6213,270235,19049,6609
Video 6214,794231,28832,5918
Video 6215,193934,19873,9462
Video 6216,458983,9288,8257
Video 6217,158857,25188,1945
Video 6218,782264,47189,2543
Video 6219,505735,48105,9346
Video 6220,178001,3584,9247
Video 6221,723802,26176,7935
Video 6222,859317,10495,2596
Video 6223,424676,30410,8228
Video 6224,258094,27424,9860
Video 6225,337375,18261,4150
Video 6226,244184,48596,2702
Video 6227,466990,6476,1824
Video 6228,241301,14277,6762
Video 6229,65800,36790,4459
Video 6230,613316,36735,9477
Video 6231,805701,19655,4671
Video 6232,694299,3325,8069
Video 6233,671466,28105,7175
Video 6234,603917,23542,9117
Video 6235,47177,34399,4152
Video 6236,869030,12666,5859
Video 6237,962277,40825,1051
Video 6238,935005,32280,7165
Video 6239,254242,19145,8736
Video 6240,880074,17226,5619
Video 6241,808724,35335,4075
Video 6242,467862,47704,9361
Video 6243,835449,4195,1173
Video 6244,577122,47396,2598
Video 6245,437362,10845,6913
Video 6246,36257,42002,4477
Video 6247,783596,49420,2147
Video 6248,472712,43871,7295
Video 6249,482732,32469,9867
Video 6250,971419,43631,3413
Video 6251,760340,27320,2368
Video 6252,746195,6842,2477
Video 6253,430063,23079,9314
Video 6254,719104,49327,5086
Video 6255,964738,37378,5150
Video 6256,388992,46271,872
Video 6257,80361,43703,2217
Video 6258,837306,3290,5139
Video 6259,860489,21746,463
Video 6260,554689,15927,4646
Video 6261,93008,47619,3838
Video 6262,219171,36221,5837
Video 6263,155547,5916,4509
Video 6264,77820,49629,7262
Video 6265,627757,26951,1006
Video 6266,395258,40803,8157
Video 6267,337703,16182,1688
Video 6268,746352,42310,5356
Video 6269,267944,16784,8143
Video 6270,124579,40160,6918
Video 6271,287425,3927,6377
Video 6272,420166,33288,9323
Video 6273,126035,18407,4808
Video 6274,63695,49696,810
Video 6275,270548,3621,2233
Video 6276,99014,1538,2520
Video 6277,570480,39975,7326
Video 6278,914884,37115,1339
Video 6279,988476,20398,1470
Video 6280,539999,32825,1850
Video 6281,563206,2734,9472
Video 6282,779336,35713,6577
Video 6283,798249,13695,8659
Video 6284,190536,9212,3218
Video 6285,35284,43108,50
Video 6286,411845,47861,5335
Video 6287,798268,31825,4875
Video 6288,45180,775,6480
Video 6289,904068,21163,9377
Video 6290,130135,24916,5373
Video 6291,880590,43507,6334
Video 6292,594324,47038,762
Video 6293,506458,38940,6325
Video 6294,514932,20032,1963
Video 6295,798283,47872,2689
Video 6296,228584,30279,7293
Video 6297,97949,17840,853
Video 6298,427601,47267,3841
Video 6299,392146,14462,415
Video 6300,345814,47295,1184
Video 6301,975180,34910,8162
Video 6302,482034,48800,5578
Video 6303,167529,4816,2674
Video 6304,349026,438,5927
Video 6305,932138,40266,784
Video 6306,59482,11459,4141
Video 6307,259409,44792,6596
Video 6308,416887,34082,1329
Video 6309,289444,16252,4221
Video 6310,753067,4679,7510
Video 6311,624891,44824,7232
Video 6312,230069,15871,2158
Video 6313,894918,30577,8400
Video 6314,996919,29271,3916
Video 6315,908890,42684,97
Video 6316,598946,13720,6972
Video 6317,458059,28370,742
Video 6318,775226,1279,398
Video 6319,491537,33367,7398
Video 6320,301794,21098,7279
Video 6321,834366,41173,7628
Video 6322,484005,37359,1187
Video 6323,42737,49883,6281
Video 6324,289221,5575,6171
Video 6325,253342,9692,3444
Video 6326,885483,32317,1012
Video 6327,439634,45802,5934
Video 6328,561647,15493,760
Video 6329,75186,24404,5538
Video 6330,729187,4041,7329
Video 6331,229994,43189,2056
Video 6332,684859,7265,1533
Video 6333,964250,30894,3736
Video 6334,721500,42110,8979
Video 6335,588091,42912,4979
Video 6336,527540,29501,6393
Video 6337,168265,32099,5943
Video 6338,335793,31064,5097
Video 6339,24451,29438,4879
Video 6340,127200,29627,8363
Video 6341,972655,34671,2416
Video 6342,90287,38568,7738
Video 6343,949727,45554,8903
Video 6344,619579,959,2180
Video 6345,959200,49103,8843
Video 6346,588426,7263,4776
Video 6347,476985,7623,2922
Video 6348,750422,32128,3488
Video 6349,173596,12710,292
Video 6350,714441,3883,6003
Video 6351,308470,8601,1804
Video 6352,289712,22284,8643
Video 6353,789938,38947,1587
Video 6354,631875,18898,7175
Video 6355,910484,29112,1560
Video 6356,188666,9139,5476
Video 6357,45992,29751,2280
Video 6358,305692,21250,4429
Video 6359,83158,33207,4849
Video 6360,314758,30357,3826
Video 6361,743490,27761,9226
Video 6362,549798,39618,9271
Video 6363,752151,29428,9471
Video 6364,256143,25439,8100
Video 6365,293361,38463,8012
Video 6366,693380,40334,6400
Video 6367,913460,30717,7877
Video 6368,840564,4217,6411
Video 6369,412341,45735,2396
Video 6370,675094,28723,6327
Video 6371,90936,7713,4535
Video 6372,996403,40805,896
Video 6373,823517,32116,5486
Video 6374,464004,1817,1391
Video 6375,55736,11203,1472
Video 6376,617927,48077,3533
Video 6377,9035,48545,9001
Video 6378,22549,28186,7655
Video 6379,472624,31228,8101
Video 6380,368319,47821,9282
Video 6381,273528,625,4656
Video 6382,646580,49058,1619
Video 6383,473234,26661,6906
Video 6384,246185,39056,4158
Video 6385,691887,6071,3074
Video 6386,306437,40010,65
Video 6387,853155,21102,5582
Video 6388,295390,44537,2033
Video 6389,134963,32410,952
Video 6390,753520,30383,1209
Video 6391,843072,48733,2876
Video 6392,797019,29181,8635
Video 6393,277932,41556,5416
Video 6394,219899,36973,3814
Video 6395,790906,11237,812
Video 6396,584793,116,8335
Video 6397,28284,30093,9915
Video 6398,174904,26958,3404
Video 6399,918679,26332,351
Video 6400,408725,25861,627
Video 6401,72250,26104,6257
Video 6402,976485,12463,6713
Video 6403,602085,5903,632
Video 6404,439555,14759,3778
Video 6405,186882,7463,6563
Video 6406,128148,8755,838
Video 6407,868826,42807,5781
Video 6408,585785,11401,4841
Video 6409,482794,20127,6186
Video 6410,737557,1757,9391
Video 6411,954935,5003,5705
Video 6412,581580,11933,5541
Video 6413,939177,12986,1229
Video 6414,55046,13838,9143
Video 6415,611626,29703,7120
Video 6416,448360,19618,8141
Video 6417,44298,6105,2536
Video 6418,596697,14866,6188
Video 6419,191074,25364,7735
Video 6420,799002,24408,6695
Video 6421,374725,34925,1931
Video 6422,223096,42215,344
Video 6423,809373,24839,2863
Video 6424,283901,40838,2492
Video 6425,337469,13157,5819
Video 6426,406110,29356,2368
Video 6427,835126,1402,4508
Video 6428,719569,28420,14
Video 6429,372435,39525,7045
Video 6430,195916,41128,5568
Video 6431,99232,6669,1372
Video 6432,426251,11060,7149
Video 6433,552336,27459,4018
Video 6434,293175,40551,4216
Video 6435,499363,12758,2874
Video 6436,31370,39993,6350
Video 6437,274537,48035,5305
Video 6438,940487,5099,6895
Video 6439,780808,34332,7863
Video 6440,188825,4913,4847
Video 6441,530624,9624,1378
Video 6442,78051,48167,7976
Video 6443,562511,25898,8712
Video 6444,695581,47821,7695
Video 6445,140393,30422,9596
Video 6446,428557,45957,7225
Video 6447,318783,24984,7716
Video 6448,563772,16215,8820
Video 6449,533655,49450,9761
Video 6450,523239,38789,3620
Video 6451,657455,46039,1072
Video 6452,487082,3577,5642
Video 6453,818222,31648,9830
Video 6454,117604,42450,5954
Video 6455,857296,9079,4281
Video 6456,685340,47578,4662
Video 6457,557958,19748,3945
Video 6458,282623,30607,6647
Video 6459,269661,46702,3573
Video 6460,857211,20042,2638
Video 6461,178197,33736,4995
Video 6462,788167,42425,6445
Video 6463,637978,25970,3933
Video 6464,891823,35650,3986
Video 6465,645354,7385,4735
Video 6466,113675,24455,1218
Video 6467,141174,32188,2016
Video 6468,420897,43728,2588
Video 6469,478656,12336,2015
Video 6470,687055,39856,8703
Video 6471,873264,29698,1984
Video 6472,459967,26602,7365
Video 6473,101509,10404,5124
Video 6474,95647,46929,8338
Video 6475,633196,10168,1661
Video 6476,7097,10291,8872
Video 6477,73615,11096,3679
Video 6478,358308,16199,5161
Video 6479,333172,44811,2677
Video 6480,587203,20185,980
Video 6481,924064,34901,1809
Video 6482,779892,48851,9929
Video 6483,715017,30541,9062
Video 6484,782661,49847,2543
Video 6485,546324,30287,6732
Video 6486,681093,49734,6016
Video 6487,400575,30570,8817
Video 6488,360162,28989,7336
Video 6489,241559,917,3635
Video 6490,926706,44365,156
Video 6491,591218,22060,8546
Video 6492,542474,42706,184
Video 6493,764094,6672,690
Video 6494,308527,24998,2499
Video 6495,695752,12281,4368
Video 6496,388943,27544,4221
Video 6497,484719,34290,1237
Video 6498,887799,20331,5431
Video 6499,203115,39180,6337
Video 6500,741209,41462,9787
Video 6501,33899,49931,242
Video 6502,550784,13454,8817
Video 6503,936560,16777,339
Video 6504,190982,1282,8743
Video 6505,56369,45776,3027
Video 6506,55510,42145,852
Video 6507,313804,29099,4021
Video 6508,956250,38801,7565
Video 6509,779124,6423,4136
Video 6510,923496,49211,6727
Video 6511,646780,7607,2695
Video 6512,748712,19642,7165
Video 6513,440445,19289,2885
Video 6514,426753,38124,4884
Video 6515,539106,18481,3184
Video 6516,378456,23588,7108
Video 6517,207294,8137,1494
Video 6518,460811,24368,5124
Video 6519,433546,17583,6813
Video 6520,626336,48928,5714
Video 6521,394615,43080,1563
Video 6522,909398,31571,7667
Video 6523,422786,21976,2955
Video 6524,792682,13972,3760
Video 6525,619666,23275,7763
Video 6526,993729,23674,2863
Video 6527,705711,32342,4568
Video 6528,930600,40983,5680
Video 6529,700510,17028,4054
Video 6530,267499,2184,7068
Video 6531,702462,31700,8849
Video 6532,285973,37036,5369
Video 6533,161738,3840,512
Video 6534,108238,13633,8813
Video 6535,648238,42337,1756
Video 6536,808340,17619,1218
Video 6537,905604,21798,880
Video 6538,547199,26681,5648
Video 6539,121908,40599,2624
Video 6540,975371,13582,1047
Video 6541,49703,32517,235
Video 6542,991674,23091,1843
Video 6543,276220,18752,2107
Video 6544,519013,15721,391
Video 6545,570596,3911,7362
Video 6546,144140,10188,7761
Video 6547,530918,23124,7797
Video 6548,875271,26244,3297
Video 6549,297639,1589,8260
Video 6550,702186,49713,7882
Video 6551,464129,41230,2683
Video 6552,338033,1146,7464
Video 6553,242543,941,6254
Video 6554,663802,37149,8087
Video 6555,607249,4422,3278
Video 6556,103143,21800,5640
Video 6557,869304,12541,295
Video 6558,516676,49275,257
Video 6559,330713,38567,3881
Video 6560,607476,14076,3838
Video 6561,206674,12342,4942
Video 6562,754939,29530,7551
Video 6563,856957,43876,2311
Video 6564,541700,977,6081
Video 6565,319424,30764,4251
Video 6566,647767,22396,8897
Video 6567,551953,21172,41
Video 6568,840003,25659,8604
Video 6569,320328,1885,8405
Video 6570,311529,44813,6446
Video 6571,299752,33938,3101
Video 6572,492503,11558,4020
Video 6573,744953,42963,3952
Video 6574,385327,21970,8793
Video 6575,679516,13158,6044
Video 6576,13079,6208,4600
Video 6577,74795,26792,8071
Video 6578,205639,34613,5879
Video 6579,124081,41508,5808
Video 6580,213405,34274,5740
Video 6581,317224,6501,5716
Video 6582,722732,29023,5846
Video 6583,23640,44333,7129
Video 6584,543201,2036,5802
Video 6585,636587,1355,4047
Video 6586,57936,6128,1834
Video 6587,827090,10134,1212
Video 6588,722352,11861,2234
Video 6589,951094,38944,6900
Video 6590,715276,7151,530
Video 6591,417808,4019,9246
Video 6592,359936,24784,3975
Video 6593,35618,35043,7340
Video 6594,421141,28445,7529
Video 6595,70930,18347,2413
Video 6596,540267,17979,6802
Video 6597,353245,34414,4230
Video 6598,773013,44312,3956
Video 6599,172549,31148,9092
Video 6600,51560,43050,8696
Video 6601,900428,31823,5150
Video 6602,71117,17490,3434
Video 6603,170853,39716,7681
Video 6604,198441,35673,6006
Video 6605,260153,7461,1646
Video 6606,298529,44859,6422
Video 6607,601463,28156,1797
Video 6608,75488,25457,2759
Video 6609,654148,7060,4251
Video 6610,220870,29345,6540
Video 6611,131981,29989,2701
Video 6612,338702,6526,2491
Video 6613,583181,36671,9799
Video 6614,58103,38820,2071
Video 6615,372386,1695,6311
Video 6616,479245,11673,406
Video 6617,57194,43742,8475
Video 6618,40916,43594,5078
Video 6619,608637,21338,6350
Video 6620,312997,1411,2572
Video 6621,734352,41432,1903
Video 6622,222310,24254,9858
Video 6623,534362,25301,6251
Video 6624,868039,10585,5110
Video 6625,866396,36640,809
Video 6626,797298,197,9580
Video 6627,474732,17602,7699
Video 6628,890316,45328,6839
Video 6629,195830,24361,5001
Video 6630,833175,22093,5716
Video 6631,731083,9735,2505
Video 6632,274392,26411,1329
Video 6633,238480,1200,6751
Video 6634,45079,19382,8674
Video 6635,724633,32499,3831
Video 6636,891769,37737,7039
Video 6637,42721,24821,3548
Video 6638,512520,36130,6548
Video 6639,410955,6812,6764
Video 6640,782409,21614,635
Video 6641,979478,46095,180
Video 6642,6006,32124,5328
Video 6643,599471,11099,8309
Video 6644,496589,48196,3154
Video 6645,755435,20566,864
Video 6646,310067,40293,8091
Video 6647,684714,9186,1393
Video 6648,68561,29148,903
Video 6649,521591,20937,6339
Video 6650,610779,42431,8617
Video 6651,802095,19617,9681
Video 6652,487661,32348,2099
Video 6653,44476,24133,2312
Video 6654,525175,33545,2567
Video 6655,354232,18039,964
Video 6656,713498,39902,8544
Video 6657,446355,45569,7733
Video 6658,879451,20127,4077
Video 6659,965373,17502,6892
Video 6660,263195,16253,9139
Video 6661,663209,18514,3095
Video 6662,25795,37798,5818
Video 6663,619117,36332,2930
Video 6664,540446,13232,4275
Video 6665,889760,42660,622
Video 6666,341525,3788,4784
Video 6667,445685,2425,5444
Video 6668,813264,16453,8550
Video 6669,173373,44077,7224
Video 6670,186522,5430,8214
Video 6671,841636,44275,1723
Video 6672,33257,8153,6882
Video 6673,603737,11389,1612
Video 6674,242566,19632,6999
Video 6675,221996,26754,1929
Video 6676,512170,3983,9614
Video 6677,894372,10442,3639
Video 6678,799261,10244,155
Video 6679,94905,45727,9641
Video 6680,78213,36780,5946
Video 6681,769814,1310,8101
Video 6682,207273,3582,33
Video 6683,900011,22452,8997
Video 6684,191416,27729,8702
Video 6685,21293,39015,8113
Video 6686,752591,4634,4479
Video 6687,708997,27822,4073
Video 6688,199154,48818,8283
Video 6689,223084,40723,1850
Video 6690,14763,18523,3099
Video 6691,210618,26729,6575
Video 6692,224353,44467,2810
Video 6693,583332,20434,8689
Video 6694,563873,22472,9102
Video 6695,598342,33665,4480
Video 6696,785856,8354,9158
Video 6697,139377,15087,7191
Video 6698,556426,47886,1873
Video 6699,622858,48203,3932
Video 6700,547637,27048,7843
Video 6701,816064,31425,5652
Video 6702,207463,46708,8686
Video 6703,740730,9789,2909
Video 6704,476528,30553,5058
Video 6705,305768,30813,1311
Video 6706,119147,854,395
Video 6707,648491,25520,35
Video 6708,972168,43162,2406
Video 6709,762731,34751,1539
Video 6710,394932,26915,8351
Video 6711,882653,1860,3954
Video 6712,679298,29578,8710
Video 6713,287222,36950,6989
Video 6714,593770,44802,4121
Video 6715,745504,48197,9345
Video 6716,458913,29791,6833
Video 6717,202127,41293,737
Video 6718,225461,23938,5767
Video 6719,6129,7417,3310
Video 6720,660944,49984,2158
Video 6721,990019,39697,2482
Video 6722,48345,47674,5659
Video 6723,182670,45922,3276
Video 6724,321825,1079,8858
Video 6725,839563,32845,3385
Video 6726,840984,9355,3153
Video 6727,874210,39471,9387
Video 6728,136433,22590,8491
Video 6729,10536,42120,8582
Video 6730,263110,48369,5431
Video 6731,93343,31969,569
Video 6732,580061,596,761
Video 6733,186170,48171,4779
Video 6734,435900,41952,5253
Video 6735,576768,3217,3434
Video 6736,300221,30453,4320
Video 6737,858501,29300,9457
Video 6738,57960,8171,4285
Video 6739,233543,16022,4841
Video 6740,729087,38887,1782
Video 6741,971834,49655,391
Video 6742,542099,21884,7381
Video 6743,607046,13010,4312
Video 6744,950464,6448,4026
Video 6745,413353,32721,2550
Video 6746,864644,4143,3053
Video 6747,615467,22746,5453
Video 6748,77850,23050,4606
Video 6749,216417,26723,2300
Video 6750,431301,49171,4598
Video 6751,649879,49466,5168
Video 6752,211023,16840,8707
Video 6753,717913,44288,6666
Video 6754,554918,10357,9392
Video 6755,834292,17695,8466
Video 6756,590128,34181,2695
Video 6757,490381,34646,8787
Video 6758,97612,860,9418
Video 6759,344575,5958,711
Video 6760,853550,6844,3392
Video 6761,825940,24195,1954
Video 6762,374708,43231,2408
Video 6763,257933,44667,6442
Video 6764,871995,40494,6015
Video 6765,664135,15731,5752
Video 6766,30513,44240,550
Video 6767,739204,41166,2860
Video 6768,196239,24860,1599
Video 6769,61951,41776,7946
Video 6770,31910,48068,7331
Video 6771,948601,41061,974
Video 6772,398059,43599,7041
Video 6773,832229,18971,1455
Video 6774,777498,9499,6522
Video 6775,564153,13960,8395
Video 6776,406131,14587,3408
Video 6777,4572,16279,5667
Video 6778,606057,3159,4866
Video 6779,567096,10413,2484
Video 6780,706663,44397,5126
Video 6781,219187,31783,4923
Video 6782,359397,14102,895
Video 6783,695110,21660,4184
Video 6784,851450,33154,7899
Video 6785,836395,42729,631
Video 6786,33781,32251,3050
Video 6787,362708,16392,9454
Video 6788,118681,20731,7915
Video 6789,172410,44790,5660
Video 6790,524807,5284,2044
Video 6791,675769,47581,6462
Video 6792,49928,5154,725
Video 6793,161390,28543,4365
Video 6794,299680,48893,6097
Video 6795,604734,38343,5696
Video 6796,93033,25427,6331
Video 6797,34775,4396,8870
Video 6798,289353,33619,1674
Video 6799,365246,26282,588
Video 6800,868975,10844,1053
Video 6801,737714,26984,1474
Video 6802,220595,26109,1918
Video 6803,673928,21916,3773
Video 6804,738159,15388,1557
Video 6805,264425,5562,4748
Video 6806,717852,25474,5399
Video 6807,688422,9843,2551
Video 6808,568105,13618,2754
Video 6809,363855,25856,1784
Video 6810,797924,41347,4266
Video 6811,701842,29239,9196
Video 6812,241224,42122,9625
Video 6813,123955,43828,3797
Video 6814,700083,21761,9943
Video 6815,835071,16416,2433
Video 6816,862618,4724,7668
Video 6817,806137,22879,6782
Video 6818,794249,12148,5163
Video 6819,428410,46290,5717
Video 6820,323465,40185,5409
Video 6821,155181,10498,187
Video 6822,254966,43494,872
Video 6823,250237,28582,4548
Video 6824,276277,11614,7450
Video 6825,388485,26652,4300
Video 6826,378244,34709,3260
Video 6827,398883,20755,219
Video 6828,355379,9877,4650
Video 6829,621860,24731,8086
Video 6830,397330,46220,7144
Video 6831,877901,7964,7510
Video 6832,837485,22664,5597
Video 6833,578177,5903,7757
Video 6834,475530,47627,5978
Video 6835,224267,48313,8720
Video 6836,71076,42856,9775
Video 6837,58255,2626,1072
Video 6838,76525,21023,5958
Video 6839,805381,28503,4630
Video 6840,513472,41836,9487
Video 6841,504522,29346,6651
Video 6842,885866,16713,4758
Video 6843,902604,9496,1049
Video 6844,479000,16896,3409
Video 6845,283495,2205,8990
Video 6846,531125,36141,3749
Video 6847,774460,34474,8390
Video 6848,536452,11860,379
Video 6849,622480,10118,9712
Video 6850,21984,14805,2457
Video 6851,361659,4698,5071
Video 6852,212502,8174,9637
Video 6853,692887,30820,782
Video 6854,516982,25785,7865
Video 6855,629125,24631,301
Video 6856,359760,39711,6385
Video 6857,271413,28961,1340
Video 6858,219730,7085,1005
Video 6859,571806,6611,2571
Video 6860,206862,7996,9032
Video 6861,925509,26488,4010
Video 6862,471390,12944,652
Video 6863,49599,22152,1308
Video 6864,132625,37240,2104
Video 6865,580119,7329,4912
Video 6866,414985,46574,349
Video 6867,167932,14217,6395
Video 6868,67108,10786,2764
Video 6869,677722,32677,8709
Video 6870,265396,4843,3499
Video 6871,155420,37910,7116
Video 6872,750774,46692,3267
Video 6873,86778,14725,8606
Video 6874,73418,4504,2913
Video 6875,444999,16197,9732
Video 6876,141110,22375,3305
Video 6877,722009,6935,9792
Video 6878,335627,42939,2225
Video 6879,853706,18037,53
Video 6880,376438,7916,7093
Video 6881,604068,31160,4093
Video 6882,541368,27191,3225
Video 6883,696616,23927,508
Video 6884,160317,41371,5724
Video 6885,300505,27127,5436
Video 6886,395917,21428,2602
Video 6887,830115,48341,1669
Video 6888,27621,2024,8549
Video 6889,102931,21569,8914
Video 6890,711074,28537,7366
Video 6891,73281,44840,3465
Video 6892,539543,10266,217
Video 6893,904255,42289,7843
Video 6894,658620,10010,5016
Video 6895,225660,17946,5834
Video 6896,695194,35881,9070
Video 6897,84739,26289,4589
Video 6898,403398,19812,427
Video 6899,922882,49994,200
Video 6900,190390,18463,131
Video 6901,439242,48711,7742
Video 6902,727001,34928,1896
Video 6903,355487,31824,7377
Video 6904,737951,19588,9769
Video 6905,726023,35824,724
Video 6906,237407,43874,1324
Video 6907,486165,27344,938
Video 6908,770753,15919,6256
Video 6909,133023,26608,4089
Video 6910,961601,9513,6039
Video 6911,730624,21159,8187
Video 6912,26487,13417,9008
Video 6913,189100,40813,1300
Video 6914,249925,28222,1599
Video 6915,143988,22335,1695
Video 6916,684767,8118,9739
Video 6917,733301,18936,5308
Video 6918,468899,3840,8003
Video 6919,434774,1482,6557
Video 6920,177297,43020,6159
Video 6921,473053,32389,5612
Video 6922,361768,32711,2336
Video 6923,367789,45234,2452
Video 6924,934635,33660,7508
Video 6925,106265,22912,5320
Video 6926,138290,12589,6973
Video 6927,547864,15350,8692
Video 6928,848935,33133,8867
Video 6929,970134,12107,5401
Video 6930,216410,33865,9786
Video 6931,327463,44613,6730
Video 6932,210029,11768,2951
Video 6933,851779,17640,1360
Video 6934,407570,47945,1499
Video 6935,954310,34925,2638
Video 6936,266844,40028,9761
Video 6937,276632,43910,4713
Video 6938,495163,42896,3950
Video 6939,859208,42721,8428
Video 6940,836312,45262,8839
Video 6941,762943,20879,9857
Video 6942,882339,32735,2454
Video 6943,582483,25834,4497
Video 6944,177907,39748,727
Video 6945,920084,35380,676
Video 6946,390873,318,6058
Video 6947,771366,22816,6975
Video 6948,969421,13370,835
Video 6949,3833,33907,6956
Video 6950,227767,31496,6855
Video 6951,494332,17253,1012
Video 6952,987814,30070,5647
Video 6953,459354,3152,7666
Video 6954,468155,11360,7645
Video 6955,798439,31758,545
Video 6956,107124,46986,869
Video 6957,666741,14589,4221
Video 6958,959212,27765,9732
Video 6959,913722,26740,5505
Video 6960,684815,17235,2542
Video 6961,151126,46989,8786
Video 6962,26429,28908,9294
Video 6963,217992,30337,9239
Video 6964,537967,34675,1835
Video 6965,86604,5379,9034
Video 6966,456766,39843,8370
Video 6967,839291,49039,6402
Video 6968,856995,18132,9894
Video 6969,11276,36128,1086
Video 6970,471929,37581,2521
Video 6971,972785,39107,8899
Video 6972,891863,41920,7217
Video 6973,241187,49333,4804
Video 6974,525785,32641,513
Video 6975,967602,10723,4530
Video 6976,889254,21138,4168
Video 6977,938765,33866,3172
Video 6978,887247,48296,8208
Video 6979,737328,10159,707
Video 6980,577391,13233,903
Video 6981,458466,38135,2948
Video 6982,299482,18796,4551
Video 6983,746695,40604,8963
Video 6984,98313,28779,8142
Video 6985,841195,22769,6712
Video 6986,628307,39016,3524
Video 6987,815218,7790,1850
Video 6988,993214,33463,6172
Video 6989,153750,49659,2107
Video 6990,853252,14202,8998
Video 6991,508836,27329,9306
Video 6992,30858,18867,8439
Video 6993,136931,40317,1638
Video 6994,579902,7553,6906
Video 6995,219460,36126,6904
Video 6996,925424,13979,4417
Video 6997,725264,34500,228
Video 6998,353700,28737,6222
Video 6999,826545,9787,2784
Video 7000,140066,43242,8940
Video 7001,166529,34050,3028
Video 7002,281315,16814,6432
Video 7003,888685,7222,8756
Video 7004,389973,46453,1750
Video 7005,324390,16974,5251
Video 7006,241100,10898,3106
Video 7007,285884,18526,8734
Video 7008,139846,14370,583
Video 7009,500693,47311,3572
Video 7010,239377,39232,9379
Video 7011,182532,21326,3131
Video 7012,930926,22495,1027
Video 7013,623363,15979,8926
Video 7014,509982,18981,963
Video 7015,260589,38480,3999
Video 7016,105718,37076,4194
Video 7017,903148,26010,7518
Video 7018,473398,48987,4629
Video 7019,312066,18336,9361
Video 7020,375849,41159,8065
Video 7021,168897,26592,9658
Video 7022,225031,37280,5271
Video 7023,806410,10166,6655
Video 7024,696116,25450,3815
Video 7025,295308,30024,6464
Video 7026,12156,3531,5452
Video 7027,864877,31020,2688
Video 7028,557177,36831,2318
Video 7029,367359,47667,1368
Video 7030,515960,9557,8051
Video 7031,126959,9093,4761
Video 7032,738422,28630,2694
Video 7033,779964,2511,9156
Video 7034,841883,756,3975
Video 7035,98566,38372,3222
Video 7036,465327,21381,2060
Video 7037,327523,21888,5020
Video 7038,889392,9978,6595
Video 7039,445203,15663,3836
Video 7040,26488,1342,3936
Video 7041,738831,34124,3167
Video 7042,480533,21913,3291
Video 7043,631901,25159,9109
Video 7044,347802,9222,3689
Video 7045,653360,19074,9221
Video 7046,227081,33802,4332
Video 7047,221430,34574,615
Video 7048,706712,38595,4208
Video 7049,875339,43967,1164
Video 7050,450367,8116,5569
Video 7051,146735,7741,5308
Video 7052,252239,17055,4347
Video 7053,396224,153,1268
Video 7054,265139,23995,5477
Video 7055,127999,11685,1174
Video 7056,989460,21307,6477
Video 7057,876458,13387,2131
Video 7058,780736,11055,4195
Video 7059,905779,33369,8728
Video 7060,973889,34584,9259
Video 7061,87925,24747,5258
Video 7062,227088,31869,5012
Video 7063,157009,35798,4548
Video 7064,582210,8777,9576
Video 7065,671269,45827,9274
Video 7066,665295,46973,3098
Video 7067,992479,40972,5091
Video 7068,21433,17305,8546
Video 7069,928142,41058,2212
Video 7070,917384,46069,4287
Video 7071,300597,24491,8461
Video 7072,317132,29442,5399
Video 7073,21922,41226,3438
Video 7074,962539,17818,6442
Video 7075,814129,36885,7364
Video 7076,20316,21317,4559
Video 7077,563476,28097,3882
Video 7078,845503,11741,8215
Video 7079,937359,7863,9204
Video 7080,501440,13690,5055
Video 7081,55781,23481,384
Video 7082,529935,42495,5302
Video 7083,309218,29388,9724
Video 7084,557448,21410,6035
Video 7085,207378,34231,8005
Video 7086,92571,19029,5611
Video 7087,206776,11584,2006
Video 7088,475953,46911,415
Video 7089,12428,15608,8708
Video 7090,970189,34332,5609
Video 7091,136700,4810,3277
Video 7092,498344,19672,5180
Video 7093,744584,21457,9000
Video 7094,964392,20890,9542
Video 7095,205972,4586,6499
Video 7096,362437,43756,1346
Video 7097,942674,6101,3192
Video 7098,992426,16345,3057
Video 7099,400743,27648,634
Video 7100,219050,42498,2908
Video 7101,738342,31778,5886
Video 7102,923519,5534,7468
Video 7103,283381,7715,4536
Video 7104,841551,43516,1781
Video 7105,94289,38730,7596
Video 7106,588514,26225,6940
Video 7107,845181,44616,463
Video 7108,947146,24933,3563
Video 7109,171807,20705,5353
Video 7110,608518,3033,6366
Video 7111,168633,17532,5014
Video 7112,416401,7627,3426
Video 7113,89294,29552,9751
Video 7114,911939,9348,5929
Video 7115,840873,22948,8078
Video 7116,915454,43751,4341
Video 7117,519047,31310,7278
Video 7118,183001,3372,2526
Video 7119,155670,49370,2818
Video 7120,124822,46391,9277
Video 7121,634886,16647,9681
Video 7122,681584,27818,9909
Video 7123,200104,14871,890
Video 7124,664384,32095,5519
Video 7125,916435,33028,927
Video 7126,394076,46065,6384
Video 7127,590861,13199,4925
Video 7128,951021,39280,7642
Video 7129,378502,40829,6923
Video 7130,845923,41954,7414
Video 7131,230900,45754,6504
Video 7132,770393,26783,8139
Video 7133,821171,28960,5064
Video 7134,227341,20526,1535
Video 7135,30785,42074,2258
Video 7136,250699,12573,3249
Video 7137,901304,7352,936
Video 7138,283750,45879,9600
Video 7139,335546,36163,8889
Video 7140,223564,29626,8200
Video 7141,85475,34958,2610
Video 7142,651044,8481,580
Video 7143,360833,2762,1222
Video 7144,99334,20622,2028
Video 7145,933744,47223,6720
Video 7146,130692,18781,977
Video 7147,420883,31125,3924
Video 7148,222627,49545,7915
Video 7149,505072,45623,4284
Video 7150,614024,10894,4040
Video 7151,905561,2786,5764
Video 7152,817897,44708,4232
Video 7153,769084,29481,178
Video 7154,486385,48263,6484
Video 7155,810772,46411,7052
Video 7156,669763,545,9705
Video 7157,961345,11046,3532
Video 7158,545390,34259,2998
Video 7159,971408,39446,4482
Video 7160,456779,40353,4292
Video 7161,266221,42344,5153
Video 7162,809878,20757,7216
Video 7163,103963,14074,6069
Video 7164,874145,5470,2464
Video 7165,13461,6742,6321
Video 7166,714221,43607,9223
Video 7167,416463,33225,5323
Video 7168,355564,27858,9600
Video 7169,825327,37084,3579
Video 7170,77506,32033,2709
Video 7171,258405,3164,4492
Video 7172,927546,17805,9883
Video 7173,771644,4190,4532
Video 7174,325096,36950,5914
Video 7175,304226,30560,8207
Video 7176,122499,27158,4212
Video 7177,982884,25751,4279
Video 7178,770591,6800,9598
Video 7179,600533,1420,2287
Video 7180,146656,11186,4381
Video 7181,274595,41515,5009
Video 7182,931254,39747,6669
Video 7183,928646,26461,7213
Video 7184,410191,46264,9859
Video 7185,561930,14613,85
Video 7186,263973,9564,1934
Video 7187,966055,28165,8062
Video 7188,56552,30118,3828
Video 7189,323306,16736,9912
Video 7190,416026,37842,671
Video 7191,670296,21382,7338
Video 7192,439775,20608,8537
Video 7193,606231,21885,1904
Video 7194,572350,48903,5431
Video 7195,59875,12900,6407
Video 7196,467341,11644,9057
Video 7197,543396,14576,3967
Video 7198,126603,13588,4064
Video 7199,665977,19814,5703
Video 7200,634937,15858,5897
Video 7201,779841,32285,6514
Video 7202,86719,5986,8018
Video 7203,529639,9641,9022
Video 7204,105676,43223,1085
Video 7205,934589,41414,8696
Video 7206,311274,7538,5405
Video 7207,938107,20425,4347
Video 7208,242555,26427,5689
Video 7209,341743,48055,2764
Video 7210,858239,37406,5598
Video 7211,50056,6350,3644
Video 7212,251753,49685,401
Video 7213,753903,32582,7183
Video 7214,306089,228,5551
Video 7215,435118,25596,2230
Video 7216,661367,1993,2831
Video 7217,658447,7041,7148
Video 7218,579983,10501,7191
Video 7219,566037,49964,5162
Video 7220,573914,34900,7835
Video 7221,816652,42956,6389
Video 7222,247066,19511,4964
Video 7223,724695,33703,379
Video 7224,94706,22599,1085
Video 7225,985968,26380,1294
Video 7226,256499,43585,4058
Video 7227,668180,42724,3623
Video 7228,734876,11079,4923
Video 7229,329722,33020,5625
Video 7230,728286,44610,8255
Video 7231,384206,21984,5983
Video 7232,660713,25803,9237
Video 7233,154064,42002,7627
Video 7234,347036,41720,3379
Video 7235,35738,29652,5485
Video 7236,275668,42485,5376
Video 7237,329330,37427,7612
Video 7238,972809,29451,7034
Video 7239,161297,41547,4663
Video 7240,917236,22362,2741
Video 7241,408253,2523,8894
Video 7242,98377,47892,7353
Video 7243,344387,5080,1155
Video 7244,271043,6364,6369
Video 7245,33352,16424,2501
Video 7246,334767,38735,5582
Video 7247,450892,3512,6533
Video 7248,593765,39198,2701
Video 7249,129867,38645,3256
Video 7250,17715,7675,1163
Video 7251,445112,17911,2742
Video 7252,240916,24743,4730
Video 7253,285860,45704,2742
Video 7254,269004,42102,4904
Video 7255,346731,28395,513
Video 7256,389807,25625,4425
Video 7257,215557,16774,6304
Video 7258,670343,194,4737
Video 7259,896377,9909,385
Video 7260,586971,39376,6547
Video 7261,945837,14613,1334
Video 7262,520709,21682,8665
Video 7263,70013,23931,5195
Video 7264,966370,3746,7449
Video 7265,411945,19439,4275
Video 7266,960611,38397,1236
Video 7267,403120,26855,9327
Video 7268,397318,24112,718
Video 7269,478576,33639,4848
Video 7270,226052,20996,9396
Video 7271,354896,6470,6746
Video 7272,833800,20541,9894
Video 7273,626969,23211,739
Video 7274,176954,29937,6111
Video 7275,366907,2505,7822
Video 7276,819174,20106,5908
Video 7277,527801,42227,721
Video 7278,379394,11725,4690
Video 7279,100753,45436,3691
Video 7280,724826,10079,4323
Video 7281,14149,9033,9536
Video 7282,995297,31802,2084
Video 7283,564846,26608,5450
Video 7284,70608,49926,9795
Video 7285,691727,31796,4997
Video 7286,66309,21968,2314
Video 7287,291417,43707,7761
Video 7288,874582,40439,3133
Video 7289,362027,37204,9722
Video 7290,254984,35063,8680
Video 7291,462051,47097,1602
Video 7292,654542,9859,9799
Video 7293,490391,45360,6308
Video 7294,525934,3274,1459
Video 7295,538284,2515,6645
Video 7296,753106,23450,5497
Video 7297,133828,3017,9222
Video 7298,746191,41653,2887
Video 7299,203557,4193,9997
Video 7300,41689,24456,5509
Video 7301,77093,6227,9194
Video 7302,749349,12410,6039
Video 7303,562595,13333,4618
Video 7304,491055,8556,606
Video 7305,94721,24041,6569
Video 7306,176306,7594,5409
Video 7307,52806,43425,7310
Video 7308,122596,3753,8060
Video 7309,46514,1857,4164
Video 7310,602094,42980,2407
Video 7311,799245,28964,447
Video 7312,94188,729,3735
Video 7313,153987,45041,4800
Video 7314,964479,40867,523
Video 7315,320837,10320,8251
Video 7316,379978,40826,8793
Video 7317,187420,7363,8105
Video 7318,563893,4771,3788
Video 7319,991982,17223,9242
Video 7320,817060,39229,5693
Video 7321,159941,26884,3367
Video 7322,833533,13977,2695
Video 7323,855954,44363,9376
Video 7324,767924,20592,8065
Video 7325,198341,14960,1886
Video 7326,648062,3229,9334
Video 7327,815349,49946,4207
Video 7328,59344,4401,645
Video 7329,822577,37680,6422
Video 7330,448738,36872,9837
Video 7331,848650,25953,510
Video 7332,526724,32479,6442
Video 7333,931610,19524,9970
Video 7334,52329,21715,6572
Video 7335,192631,8788,2472
Video 7336,857014,40092,9763
Video 7337,487692,22315,1528
Video 7338,574255,42913,3973
Video 7339,788409,16119,1839
Video 7340,962640,17265,850
Video 7341,124734,6624,1714
Video 7342,791441,20484,5556
Video 7343,724157,5359,7037
Video 7344,95617,43258,732
Video 7345,540779,10643,7917
Video 7346,272257,38307,7091
Video 7347,469532,37381,732
Video 7348,364549,38585,7586
Video 7349,898393,18477,9227
Video 7350,686107,34047,5056
Video 7351,186091,15442,1818
Video 7352,443728,21701,3727
Video 7353,731452,37564,6166
Video 7354,846721,32243,2136
Video 7355,74055,38846,7459
Video 7356,46573,32867,2300
Video 7357,596828,19667,9806
Video 7358,640225,26423,7160
Video 7359,771442,27068,5245
Video 7360,922101,46536,4833
Video 7361,512860,24999,5812
Video 7362,599590,22837,4961
Video 7363,181779,46827,217
Video 7364,976484,30869,9865
Video 7365,29150,16175,9315
Video 7366,507762,14227,52
Video 7367,766762,19548,609
Video 7368,967200,42995,736
Video 7369,57509,17547,3105
Video 7370,272776,3101,1022
Video 7371,424065,28639,1854
Video 7372,196751,43510,3491
Video 7373,100113,7586,3494
Video 7374,263730,8235,5123
Video 7375,622290,48146,1525
Video 7376,661469,6894,5619
Video 7377,184907,32997,6262
Video 7378,970044,4147,1901
Video 7379,392282,34879,8246
Video 7380,518498,34591,5740
Video 7381,783204,7152,2802
Video 7382,183064,39166,5709
Video 7383,874888,23567,6185
Video 7384,271475,19593,6123
Video 7385,423946,43284,4382
Video 7386,820871,25620,6409
Video 7387,503103,22822,5295
Video 7388,629474,43202,8800
Video 7389,437118,15554,8171
Video 7390,825937,11255,7079
Video 7391,157031,42536,3620
Video 7392,33273,20727,6466
Video 7393,59744,38565,7358
Video 7394,489583,20900,6050
Video 7395,106925,16231,2175
Video 7396,113243,38025,5077
Video 7397,708048,10076,2181
Video 7398,519404,32109,1737
Video 7399,297042,17149,4120
Video 7400,779376,37370,5378
Video 7401,975392,17937,4315
Video 7402,461815,41157,3929
Video 7403,543761,36391,6343
Video 7404,792835,47570,4646
Video 7405,623556,10602,4059
Video 7406,284398,48866,3014
Video 7407,215670,35099,3947
Video 7408,107204,42143,3723
Video 7409,422256,9513,7010
Video 7410,432305,48720,1512
Video 7411,451365,34852,6535
Video 7412,350916,9358,4900
Video 7413,973282,15486,3193
Video 7414,761870,49974,3388
Video 7415,732772,32788,2570
Video 7416,987635,32353,3480
Video 7417,989901,20803,4778
Video 7418,981999,18113,2556
Video 7419,904941,36210,328
Video 7420,235173,22940,2434
Video 7421,169972,35237,7319
Video 7422,527843,22409,3097
Video 7423,135855,1701,6354
Video 7424,459258,40972,7638
Video 7425,464644,11025,8931
Video 7426,199523,37057,3793
Video 7427,107696,35400,777
Video 7428,104548,21757,231
Video 7429,589396,37618,4164
Video 7430,851377,40732,1025
Video 7431,292094,41787,723
Video 7432,115327,7505,2642
Video 7433,34990,8078,4515
Video 7434,757973,46422,3079
Video 7435,147603,42221,6289
Video 7436,214457,28678,3270
Video 7437,871485,18482,4615
Video 7438,289115,32448,3814
Video 7439,591179,10758,8162
Video 7440,140226,20320,9098
Video 7441,658689,7590,7557
Video 7442,201425,24962,8538
Video 7443,587778,45831,8579
Video 7444,354264,49874,1158
Video 7445,895997,6723,6031
Video 7446,802859,13470,5456
Video 7447,332337,27134,1939
Video 7448,91769,28206,9077
Video 7449,731264,22247,2660
Video 7450,431301,20600,4646
Video 7451,105768,31475,3813
Video 7452,162075,30878,4355
Video 7453,520832,33721,6254
Video 7454,407458,18728,3405
Video 7455,275570,3506,4790
Video 7456,611832,1663,477
Video 7457,30853,5975,4976
Video 7458,15362,10100,8787
Video 7459,50611,35842,7402
Video 7460,503534,23146,7550
Video 7461,274900,12741,910
Video 7462,455162,5011,4553
Video 7463,544168,42462,5525
Video 7464,45101,18235,6148
Video 7465,22153,38929,2284
Video 7466,283270,18316,8355
Video 7467,705590,2913,753
Video 7468,469625,22606,9927
Video 7469,788568,5297,543
Video 7470,673978,49103,8195
Video 7471,935283,44976,4978
Video 7472,715389,46133,7025
Video 7473,953886,49529,7719
Video 7474,767520,33725,2182
Video 7475,756703,33408,2520
Video 7476,259592,6355,8655
Video 7477,462009,30649,57
Video 7478,269460,19554,368
Video 7479,910201,47123,7886
Video 7480,12640,12153,2698
Video 7481,723037,23131,3888
Video 7482,553024,35060,5421
Video 7483,740136,22062,8443
Video 7484,174843,42861,4758
Video 7485,874180,28299,9583
Video 7486,662374,42636,8671
Video 7487,186542,31352,272
Video 7488,550909,24687,7414
Video 7489,844216,8998,991
Video 7490,638535,47474,6031
Video 7491,44009,32963,4854
Video 7492,573352,41268,7028
Video 7493,149221,12267,7105
Video 7494,34678,12683,5839
Video 7495,787629,30857,8292
Video 7496,174562,46721,8553
Video 7497,256581,47394,4513
Video 7498,713194,19804,1513
Video 7499,454572,5146,6870
Video 7500,1812,13215,5643
Video 7501,638000,22077,1428
Video 7502,933689,4386,8955
Video 7503,77331,36642,1126
Video 7504,577488,9233,9009
Video 7505,467270,19869,3985
Video 7506,747640,5071,6677
Video 7507,934108,45919,269
Video 7508,330662,36303,3116
Video 7509,172965,41022,2877
Video 7510,770653,22875,6163
Video 7511,702933,10398,7458
Video 7512,233036,25796,532
Video 7513,960555,16188,9833
Video 7514,706122,16785,4349
Video 7515,925907,44694,7404
Video 7516,192079,21026,1841
Video 7517,960689,49669,9756
Video 7518,576183,24392,4225
Video 7519,710151,34912,8454
Video 7520,553231,15378,6869
Video 7521,146991,17305,6325
Video 7522,28210,47507,2260
Video 7523,88645,11791,3887
Video 7524,548601,47701,3673
Video 7525,516919,29690,6798
Video 7526,481390,47702,7316
Video 7527,502867,49472,6896
Video 7528,554254,42966,7477
Video 7529,686708,6908,7418
Video 7530,559440,11881,32
Video 7531,661314,29700,1296
Video 7532,384889,40223,1216
Video 7533,865523,30562,2523
Video 7534,531791,7323,946
Video 7535,437225,12511,1387
Video 7536,238277,43013,3698
Video 7537,731919,4610,1379
Video 7538,75071,35827,9168
Video 7539,328439,28244,5031
Video 7540,992995,4304,1498
Video 7541,599136,1935,6920
Video 7542,239360,33259,9853
Video 7543,51135,36574,2550
Video 7544,530491,23426,7720
Video 7545,257654,17456,6311
Video 7546,420918,14887,2413
Video 7547,880329,45435,1375
Video 7548,457100,19478,1259
Video 7549,87658,25785,7903
Video 7550,438502,43829,4604
Video 7551,187370,3393,2289
Video 7552,937754,42079,4599
Video 7553,493214,47539,7297
Video 7554,825904,12332,8841
Video 7555,570465,42080,5574
Video 7556,278501,43069,7782
Video 7557,541515,9568,6484
Video 7558,69180,20807,5953
Video 7559,918132,23635,8709
Video 7560,514369,14179,7987
Video 7561,128794,22997,3818
Video 7562,199325,2195,972
Video 7563,23591,29045,1248
Video 7564,665731,7463,7422
Video 7565,584905,14358,6317
Video 7566,665356,2355,6736
Video 7567,326136,7553,8452
Video 7568,866478,44639,8994
Video 7569,732277,14622,1264
Video 7570,645137,411,8403
Video 7571,207107,3454,7264
Video 7572,89100,42840,6527
Video 7573,536744,42271,8720
Video 7574,410189,30344,6737
Video 7575,562994,34060,6692
Video 7576,176072,23359,5280
Video 7577,336801,35006,4674
Video 7578,37633,48835,9234
Video 7579,7272,40486,7451
Video 7580,93476,31766,2074
Video 7581,886960,37565,74
Video 7582,449750,31873,4186
Video 7583,553094,39612,3686
Video 7584,917169,19340,6828
Video 7585,176122,30505,2204
Video 7586,786519,6436,9789
Video 7587,371155,23850,7993
Video 7588,493274,16436,3561
Video 7589,754330,40503,2267
Video 7590,792678,27526,7267
Video 7591,723252,1610,5832
Video 7592,487142,11260,1592
Video 7593,516944,45350,859
Video 7594,376225,7494,8225
Video 7595,795905,30669,1365
Video 7596,692990,10159,6980
Video 7597,705263,36277,4541
Video 7598,838143,42874,5340
Video 7599,545981,17799,6203
Video 7600,465905,7782,3598
Video 7601,141294,47650,2393
Video 7602,972260,18981,3991
Video 7603,661863,10050,6536
Video 7604,892956,10119,5103
Video 7605,400777,12285,5343
Video 7606,993520,2592,2234
Video 7607,28491,32193,4110
Video 7608,180789,15100,6573
Video 7609,399886,35243,6929
Video 7610,277992,38548,5729
Video 7611,850542,14575,9359
Video 7612,124348,47201,3514
Video 7613,347916,12598,5883
Video 7614,776186,20042,4547
Video 7615,447764,40815,5986
Video 7616,282523,14745,1284
Video 7617,876480,36571,7159
Video 7618,720382,41006,4635
Video 7619,113041,26760,2750
Video 7620,666344,18190,8416
Video 7621,441934,35878,4852
Video 7622,236913,19159,4326
Video 7623,779251,22355,1826
Video 7624,415611,30679,6933
Video 7625,674434,14928,6383
Video 7626,662614,35515,1589
Video 7627,993276,17087,9346
Video 7628,77373,24628,7312
Video 7629,68579,4107,243
Video 7630,883956,48313,5181
Video 7631,629881,27623,9373
Video 7632,275569,16799,686
Video 7633,193932,32971,3715
Video 7634,884830,25713,1574
Video 7635,748805,33029,8262
Video 7636,613290,6574,9211
Video 7637,926370,3767,6253
Video 7638,570163,29633,6679
Video 7639,116287,22538,9802
Video 7640,711643,122,6277
Video 7641,37979,16324,4536
Video 7642,31808,41037,8362
Video 7643,152921,16285,9788
Video 7644,68636,5927,2510
Video 7645,42561,39323,3369
Video 7646,859411,48331,5238
Video 7647,533172,6508,227
Video 7648,916097,18358,9552
Video 7649,966429,26117,1639
Video 7650,83308,32145,2864
Video 7651,964828,47178,363
Video 7652,303797,2349,8871
Video 7653,924748,17611,2847
Video 7654,461142,32065,3063
Video 7655,894712,24515,362
Video 7656,290164,24767,1813
Video 7657,542098,4176,7632
Video 7658,791143,575,4727
Video 7659,725522,6611,7688
Video 7660,549544,23062,9247
Video 7661,390995,15668,1555
Video 7662,602416,28629,8768
Video 7663,220470,16935,1667
Video 7664,374352,31097,8559
Video 7665,399289,34138,2259
Video 7666,870710,858,5203
Video 7667,620992,29567,3658
Video 7668,230146,4689,8284
Video 7669,19647,30683,8989
Video 7670,900980,5486,2033
Video 7671,746941,19403,80
Video 7672,918647,36567,348
Video 7673,929042,47491,184
Video 7674,64246,22455,6227
Video 7675,880321,36006,6407
Video 7676,493648,8403,7783
Video 7677,279753,34461,8080
Video 7678,791459,12223,7473
Video 7679,381231,33745,4102
Video 7680,981999,37373,7163
Video 7681,767079,22526,2404
Video 7682,199719,32058,8251
Video 7683,615612,48269,7379
Video 7684,863989,20237,6735
Video 7685,635188,38164,7229
Video 7686,792412,43571,9024
Video 7687,608130,11705,6170
Video 7688,637406,46936,5904
Video 7689,550399,23451,6554
Video 7690,395283,21150,9499
Video 7691,616260,4316,4287
Video 7692,904469,10019,4131
Video 7693,121593,49586,6299
Video 7694,598287,45726,4602
Video 7695,48597,26815,9330
Video 7696,264856,4148,6482
Video 7697,707130,45952,9477
Video 7698,290690,30966,872
Video 7699,359681,24315,8435
Video 7700,632098,46876,1244
Video 7701,13474,38517,5181
Video 7702,804445,1368,9715
Video 7703,581759,22856,3837
Video 7704,378549,46802,2452
Video 7705,901545,6259,9670
Video 7706,799289,29141,4103
Video 7707,658377,49979,1206
Video 7708,706084,294,7041
Video 7709,441877,15193,25
Video 7710,134561,42591,2694
Video 7711,219036,10726,8427
Video 7712,145481,22794,369
Video 7713,897805,5002,4123
Video 7714,610336,848,9006
Video 7715,760091,21839,456
Video 7716,466184,32083,9042
Video 7717,403893,9381,4032
Video 7718,987773,10029,9495
Video 7719,869665,8595,5540
Video 7720,293378,45966,2431
Video 7721,491817,5340,5881
Video 7722,109339,19278,1995
Video 7723,534751,17137,3239
Video 7724,247682,37155,6314
Video 7725,723079,18313,236
Video 7726,138013,4114,5237
Video 7727,941776,17158,6083
Video 7728,189803,39673,590
Video 7729,350932,24343,2671
Video 7730,438979,1680,6433
Video 7731,48015,7868,2260
Video 7732,359851,26266,9544
Video 7733,455882,41094,4001
Video 7734,550238,31880,1831
Video 7735,814341,38431,8175
Video 7736,254818,26788,5713
Video 7737,831329,46253,9606
Video 7738,786723,2877,2403
Video 7739,503820,6921,1905
Video 7740,907337,8473,5683
Video 7741,424002,13619,9479
Video 7742,367662,21907,98
Video 7743,167269,25844,4072
Video 7744,824799,3773,4141
Video 7745,908885,41002,8520
Video 7746,380014,24652,3755
Video 7747,102792,19332,2638
Video 7748,240012,14967,7199
Video 7749,235640,30722,2888
Video 7750,996785,43468,1932
Video 7751,856230,24374,4577
Video 7752,898574,21734,3300
Video 7753,44671,40303,1761
Video 7754,112554,15001,5450
Video 7755,118262,14840,2976
Video 7756,885970,14086,1306
Video 7757,721474,40328,3047
Video 7758,861292,45239,6148
Video 7759,240495,10350,9748
Video 7760,961916,14864,8736
Video 7761,715610,45433,4620
Video 7762,993422,15836,7889
Video 7763,686935,27456,8358
Video 7764,869623,31146,6819
Video 7765,947767,13259,555
Video 7766,963437,33436,1318
Video 7767,118353,10144,4210
Video 7768,964010,28310,3487
Video 7769,570242,19630,9319
Video 7770,798454,21395,2399
Video 7771,744614,29197,6474
Video 7772,707393,32567,5308
Video 7773,79350,14725,2493
Video 7774,450717,21153,6695
Video 7775,481882,38616,7757
Video 7776,266813,7331,3997
Video 7777,861916,4886,6507
Video 7778,42488,8692,3634
Video 7779,144104,19882,5378
Video 7780,222469,451,29
Video 7781,999036,7085,2342
Video 7782,483192,969,2664
Video 7783,135018,48667,1517
Video 7784,38869,4614,8623
Video 7785,484267,7602,8216
Video 7786,730108,7447,9189
Video 7787,359873,41060,6697
Video 7788,249404,18362,8285
Video 7789,510951,15148,7445
Video 7790,44288,23455,2463
Video 7791,992624,45284,7892
Video 7792,558521,28560,438
Video 7793,535447,10098,9309
Video 7794,922570,39023,6460
Video 7795,666447,1444,5008
Video 7796,288960,46118,1578
Video 7797,874892,34997,4137
Video 7798,715709,39794,1242
Video 7799,758729,36704,6974
Video 7800,734140,21768,5785
Video 7801,396703,47383,9791
Video 7802,564290,35854,2671
Video 7803,36063,5679,5999
Video 7804,724522,9519,1880
Video 7805,312380,16263,692
Video 7806,607603,38612,1577
Video 7807,289940,3880,3896
Video 7808,214613,48361,2663
Video 7809,324336,10949,8290
Video 7810,213283,17703,6207
Video 7811,938804,35929,1713
Video 7812,994439,10153,6422
Video 7813,66549,41870,4686
Video 7814,875163,18061,8676
Video 7815,378550,33268,8692
Video 7816,417469,13880,2719
Video 7817,815358,29434,1946
Video 7818,680606,14845,5495
Video 7819,595170,30267,4031
Video 7820,101944,24886,1678
Video 7821,870961,8378,8985
Video 7822,254160,48333,1237
Video 7823,714522,14386,1966
Video 7824,82817,3572,672
Video 7825,176010,32060,9793
Video 7826,331912,1952,3323
Video 7827,478508,24054,2947
Video 7828,640584,37030,8013
Video 7829,557024,27092,3126
Video 7830,832282,45675,5047
Video 7831,201099,7403,1178
Video 7832,511560,5324,8013
Video 7833,323484,14244,3795
Video 7834,182095,32184,3455
Video 7835,449761,16002,7655
Video 7836,129579,21606,5951
Video 7837,867663,21208,1990
Video 7838,691410,38790,3303
Video 7839,916212,28137,4143
Video 7840,316692,42720,4622
Video 7841,817916,2095,9370
Video 7842,366135,15510,8437
Video 7843,578662,34410,3565
Video 7844,527372,4200,9165
Video 7845,853511,44260,2286
Video 7846,752223,25598,2379
Video 7847,591773,7903,7244
Video 7848,969916,7353,4562
Video 7849,301816,22492,8668
Video 7850,880727,1241,3741
Video 7851,628968,8336,536
Video 7852,643486,22188,1518
Video 7853,864106,22965,1705
Video 7854,59986,36722,88
Video 7855,571490,38195,8396
Video 7856,272800,13743,4843
Video 7857,157466,11749,1910
Video 7858,665491,1131,2982
Video 7859,139665,31285,1016
Video 7860,414477,10082,4771
Video 7861,345832,45829,4525
Video 7862,56419,28440,5469
Video 7863,826422,5292,9016
Video 7864,926044,8334,5830
Video 7865,607169,16215,7389
Video 7866,825319,30452,9891
Video 7867,477702,46887,9385
Video 7868,868212,46719,2315
Video 7869,140141,3035,7141
Video 7870,737421,33258,177
Video 7871,809035,20416,5125
Video 7872,594507,2606,5675
Video 7873,864293,28908,7183
Video 7874,532227,34529,1513
Video 7875,717725,22342,529
Video 7876,838734,20949,6441
Video 7877,169186,42763,1426
Video 7878,902689,35789,9127
Video 7879,862258,23893,5160
Video 7880,524039,34649,7069
Video 7881,450868,28116,3907
Video 7882,306535,13583,8719
Video 7883,568859,43395,9582
Video 7884,534051,868,7480
Video 7885,369061,41372,2132
Video 7886,966391,30368,9436
Video 7887,196458,36393,39
Video 7888,569560,49330,9842
Video 7889,58870,47039,861
Video 7890,621994,21605,6929
Video 7891,624967,47186,2352
Video 7892,444295,38591,1196
Video 7893,79800,867,6180
Video 7894,393293,6410,6389
Video 7895,496343,43676,6483
Video 7896,531204,20879,6100
Video 7897,943056,47787,3248
Video 7898,784880,8172,3140
Video 7899,454342,24799,9642
Video 7900,830528,25963,3648
Video 7901,932899,20797,5043
Video 7902,80488,43443,5712
Video 7903,251296,38279,4043
Video 7904,248951,18799,9336
Video 7905,920413,10337,5348
Video 7906,789687,41588,8085
Video 7907,115924,24629,8837
Video 7908,939667,32723,8820
Video 7909,344159,32338,7620
Video 7910,925299,25805,5627
Video 7911,969709,13367,7133
Video 7912,487117,18983,8082
Video 7913,533092,43463,2490
Video 7914,185066,44768,8944
Video 7915,767008,46539,417
Video 7916,870652,19244,8442
Video 7917,126928,1574,4349
Video 7918,127134,24203,5960
Video 7919,260137,45835,2499
Video 7920,784462,6356,3086
Video 7921,971207,4802,7706
Video 7922,704258,33790,8692
Video 7923,695330,40386,6792
Video 7924,791912,32155,8672
Video 7925,877617,257,6866
Video 7926,382417,27760,161
Video 7927,32016,24151,1229
Video 7928,331664,1800,3873
Video 7929,68390,36461,6619
Video 7930,303413,12503,1684
Video 7931,597320,29919,937
Video 7932,412702,14295,7395
Video 7933,160307,1070,9500
Video 7934,163019,5053,1832
Video 7935,300602,1847,53
Video 7936,935176,2950,4020
Video 7937,423817,6473,7126
Video 7938,516093,1251,3033
Video 7939,477758,47275,3848
Video 7940,380730,10292,5456
Video 7941,14322,24755,7004
Video 7942,645163,14987,381
Video 7943,301535,35685,1198
Video 7944,296951,19906,7286
Video 7945,647621,38729,430
Video 7946,776296,8919,6045
Video 7947,890140,11705,7527
Video 7948,189756,37039,510
Video 7949,388162,1648,4009
Video 7950,160149,9435,2312
Video 7951,429169,24663,5224
Video 7952,232659,5088,6363
Video 7953,327483,24603,3940
Video 7954,714427,16543,9591
Video 7955,367631,18858,5088
Video 7956,134796,5126,2890
Video 7957,476144,14312,3535
Video 7958,441968,5268,1468
Video 7959,208458,47061,4219
Video 7960,943222,10885,7576
Video 7961,909824,16035,3254
Video 7962,359347,46324,8911
Video 7963,785006,36805,8856
Video 7964,98697,46471,8026
Video 7965,241218,41101,3894
Video 7966,127846,396,4468
Video 7967,982693,6195,7942
Video 7968,993096,29151,1788
Video 7969,538169,25106,6636
Video 7970,43933,43370,8975
Video 7971,1727,30478,3399
Video 7972,217319,8644,3455
Video 7973,940192,35356,743
Video 7974,900787,34589,304
Video 7975,192149,28564,7235
Video 7976,712193,16108,761
Video 7977,640637,44654,8003
Video 7978,897683,37014,5773
Video 7979,193824,11717,1617
Video 7980,726627,15309,2038
Video 7981,931795,39386,7124
Video 7982,71403,48097,6311
Video 7983,389913,22859,2876
Video 7984,640742,2450,1998
Video 7985,42980,12694,3524
Video 7986,287063,34628,429
Video 7987,928908,36547,3511
Video 7988,822131,23602,1055
Video 7989,733669,2535,7171
Video 7990,49008,5395,6438
Video 7991,478376,22751,7930
Video 7992,166430,11170,5140
Video 7993,232446,27085,3938
Video 7994,490976,15868,6137
Video 7995,275289,20940,7167
Video 7996,123442,30225,444
Video 7997,328930,42364,3230
Video 7998,22551,40864,4527
Video 7999,90343,43570,7879
Video 8000,144064,40992,372
Video 8001,327043,9349,3954
Video 8002,551590,20398,4196
Video 8003,22515,19145,667
Video 8004,340362,8576,3122
Video 8005,15281,43833,8650
Video 8006,428286,40240,227
Video 8007,384145,26931,9680
Video 8008,582132,6794,8965
Video 8009,418939,41707,3044
Video 8010,914744,26455,5186
Video 8011,352752,32927,4086
Video 8012,526997,21114,2587
Video 8013,245835,25504,9856
Video 8014,264274,18206,8995
Video 8015,134045,16775,3350
Video 8016,215325,39235,5071
Video 8017,546163,7003,3862
Video 8018,281818,15037,3782
Video 8019,941258,31272,4430
Video 8020,181922,43092,6635
Video 8021,798525,30211,3387
Video 8022,810810,23049,4410
Video 8023,955745,33892,30
Video 8024,576422,31378,4389
Video 8025,191634,39361,3834
Video 8026,525607,13180,2745
Video 8027,72583,29486,2795
Video 8028,306860,22276,9691
Video 8029,99399,41821,7647
Video 8030,703067,34651,9142
Video 8031,196124,5699,6597
Video 8032,178495,16573,1893
Video 8033,66685,6574,6722
Video 8034,475111,47736,2720
Video 8035,963182,43575,4255
Video 8036,655590,45477,2206
Video 8037,444747,21307,670
Video 8038,927766,6824,335
Video 8039,757009,44778,140
Video 8040,171175,4017,9379
Video 8041,356482,13750,7120
Video 8042,882169,35897,1543
Video 8043,37081,9345,9282
Video 8044,662067,36645,3414
Video 8045,900661,26550,343
Video 8046,631647,30602,296
Video 8047,779564,19965,4377
Video 8048,499430,24927,9747
Video 8049,816591,6269,6721
Video 8050,606979,32170,6190
Video 8051,604594,36002,7972
Video 8052,336012,22084,5204
Video 8053,971274,25441,8534
Video 8054,630114,45079,8916
Video 8055,39555,46773,3117
Video 8056,654761,16377,7088
Video 8057,528512,47098,9832
Video 8058,940128,42826,4891
Video 8059,861311,28151,233
Video 8060,444217,2552,8699
Video 8061,145018,18410,8007
Video 8062,899951,40246,4428
Video 8063,294728,18482,8144
Video 8064,138677,1371,1671
Video 8065,149977,33622,7796
Video 8066,216118,31714,1813
Video 8067,181047,1902,1561
Video 8068,303943,5643,5673
Video 8069,623276,30163,3203
Video 8070,521777,27584,62
Video 8071,698444,22810,6722
Video 8072,296836,16052,484
Video 8073,843234,49554,2369
Video 8074,437250,17095,3992
Video 8075,548758,44040,826
Video 8076,977708,37385,4889
Video 8077,611039,22578,6100
Video 8078,690542,26992,5376
Video 8079,648810,13452,5794
Video 8080,425195,5892,5794
Video 8081,954372,25417,1029
Video 8082,90590,30047,4473
Video 8083,905578,26233,9728
Video 8084,439528,3921,2213
Video 8085,294738,45644,8920
Video 8086,49543,4582,6717
Video 8087,82797,4324,5918
Video 8088,714075,29010,4032
Video 8089,507284,2565,8553
Video 8090,105154,3999,7219
Video 8091,605507,35729,2515
Video 8092,573697,14791,3717
Video 8093,59054,44554,5692
Video 8094,936426,5398,5580
Video 8095,177627,14746,6994
Video 8096,503002,32004,458
Video 8097,488479,47943,8170
Video 8098,239586,666,1051
Video 8099,742249,39846,9452
Video 8100,334222,18505,3534
Video 8101,964762,8149,9254
Video 8102,435307,46287,6792
Video 8103,512156,1851,6680
Video 8104,294309,39534,2176
Video 8105,822894,23802,9438
Video 8106,86411,13201,7585
Video 8107,422066,49235,2775
Video 8108,348216,22596,9915
Video 8109,671002,5740,5099
Video 8110,577138,23408,9676
Video 8111,210080,39493,5286
Video 8112,673100,2694,6904
Video 8113,294248,20878,7366
Video 8114,990274,42825,6531
Video 8115,176356,25811,5561
Video 8116,502281,34291,8596
Video 8117,643611,30392,562
Video 8118,633587,38901,3781
Video 8119,770857,30983,8842
Video 8120,179534,22336,4102
Video 8121,999875,42547,4650
Video 8122,632566,40574,938
Video 8123,425312,11384,8033
Video 8124,835266,34211,8361
Video 8125,708545,39575,7934
Video 8126,997665,32346,8216
Video 8127,977821,41444,1683
Video 8128,557371,24339,7827
Video 8129,814187,30109,5207
Video 8130,473045,28815,9903
Video 8131,765806,14676,9039
Video 8132,834833,8240,5035
Video 8133,203382,15066,9323
Video 8134,668691,28599,1359
Video 8135,372019,29367,1145
Video 8136,669394,4408,8929
Video 8137,551566,48660,6117
Video 8138,931378,14423,6199
Video 8139,310508,48047,8780
Video 8140,690361,32406,9395
Video 8141,353059,28773,8043
Video 8142,509517,49715,7708
Video 8143,363700,25836,4805
Video 8144,543578,44308,2119
Video 8145,682365,24729,4088
Video 8146,391009,7392,1963
Video 8147,87027,15272,2274
Video 8148,884271,16063,5108
Video 8149,939984,4084,790
Video 8150,243893,13903,8111
Video 8151,106557,39390,195
Video 8152,624968,47429,8768
Video 8153,905628,49043,7292
Video 8154,238760,34658,8938
Video 8155,414527,7776,4288
Video 8156,786237,1740,5422
Video 8157,362915,18326,2056
Video 8158,873788,8589,9803
Video 8159,411615,18746,5020
Video 8160,123287,29228,8328
Video 8161,628139,15893,1458
Video 8162,537158,8019,7920
Video 8163,456328,8442,4158
Video 8164,732545,43323,1412
Video 8165,401267,35406,586
Video 8166,109018,20484,8046
Video 8167,56536,47941,3474
Video 8168,68084,17929,1752
Video 8169,291045,44093,69
Video 8170,360662,47676,4957
Video 8171,246860,38909,9106
Video 8172,882113,44302,1464
Video 8173,463270,18818,7123
Video 8174,783821,13967,2375
Video 8175,109489,47447,9264
Video 8176,662419,10398,9739
Video 8177,882136,14554,9230
Video 8178,708273,21402,5140
Video 8179,739091,22863,2075
Video 8180,781098,48266,1656
Video 8181,768220,24317,1076
Video 8182,763923,14312,6137
Video 8183,856799,34372,6976
Video 8184,346352,30335,2049
Video 8185,722602,4078,773
Video 8186,179822,37454,8052
Video 8187,954405,7675,2776
Video 8188,901737,48406,89
Video 8189,594925,1407,5488
Video 8190,167659,22178,5339
Video 8191,8577,8445,6281
Video 8192,123724,6430,9677
Video 8193,719425,19171,7798
Video 8194,324673,16220,6864
Video 8195,806305,13203,7196
Video 8196,315538,9807,2027
Video 8197,401145,25021,3340
Video 8198,33429,41109,6208
Video 8199,790478,48172,5236
Video 8200,855980,37740,778
Video 8201,271934,10224,3689
Video 8202,379532,24558,792
Video 8203,716161,11351,560
Video 8204,669468,930,2366
Video 8205,102992,49022,9899
Video 8206,728522,43000,4562
Video 8207,629051,47308,7957
Video 8208,780847,12323,6700
Video 8209,92594,17100,1481
Video 8210,701284,40470,3016
Video 8211,636573,17927,96
Video 8212,862476,32437,5391
Video 8213,252609,20586,7228
Video 8214,111538,25516,8103
Video 8215,507572,11951,2406
Video 8216,822876,33970,1666
Video 8217,247406,17527,1170
Video 8218,578273,31949,9415
Video 8219,574212,41434,1592
Video 8220,48976,8988,6009
Video 8221,113904,14493,4239
Video 8222,303062,39881,4818
Video 8223,561113,8226,6394
Video 8224,154624,9077,8851
Video 8225,837474,19610,8502
Video 8226,396827,13017,4961
Video 8227,966821,18928,5938
Video 8228,470118,31240,4640
Video 8229,768689,24877,8356
Video 8230,894994,27223,4018
Video 8231,701530,30945,6106
Video 8232,310444,49014,8003
Video 8233,680236,3972,7288
Video 8234,207088,43380,3101
Video 8235,575177,8242,5606
Video 8236,704078,29115,7822
Video 8237,286361,8406,3612
Video 8238,436296,39669,1419
Video 8239,981858,40495,2289
Video 8240,711684,31014,995
Video 8241,560768,31561,3287
Video 8242,616921,35467,7564
Video 8243,819853,20631,3555
Video 8244,742353,42957,7642
Video 8245,264067,35264,3006
Video 8246,328293,29015,6322
Video 8247,491504,12706,7663
Video 8248,918900,45668,1312
Video 8249,266480,41738,7825
Video 8250,743670,27741,8117
Video 8251,93961,5326,1104
Video 8252,137658,9593,8232
Video 8253,968795,10861,4864
Video 8254,976505,9906,2000
Video 8255,454640,35046,7427
Video 8256,289316,46294,9478
Video 8257,381339,6374,3272
Video 8258,316023,48583,7118
Video 8259,461120,33924,5665
Video 8260,496639,41482,8380
Video 8261,512702,40119,278
Video 8262,482153,14750,2709
Video 8263,540130,19620,2861
Video 8264,990381,33849,9597
Video 8265,312480,31010,5623
Video 8266,676463,49653,8420
Video 8267,572773,24898,541
Video 8268,347017,18744,1243
Video 8269,48119,9153,9089
Video 8270,473724,21677,5951
Video 8271,868738,30185,1740
Video 8272,624801,3362,9771
Video 8273,185276,16722,5747
Video 8274,569596,44034,7180
Video 8275,378693,36034,3779
Video 8276,728324,18609,9390
Video 8277,600981,38379,3554
Video 8278,827874,10905,469
Video 8279,774717,35691,1989
Video 8280,804868,9976,8364
Video 8281,162876,45766,4411
Video 8282,344763,26830,5688
Video 8283,612011,21356,9867
Video 8284,673029,28535,1428
Video 8285,162519,36353,8756
Video 8286,616079,26939,1265
Video 8287,535920,24586,5744
Video 8288,823389,48231,3407
Video 8289,62726,47653,5247
Video 8290,820093,12064,8424
Video 8291,803745,17071,2524
Video 8292,907969,39354,9489
Video 8293,945053,27008,645
Video 8294,251144,15075,3984
Video 8295,57402,20662,146
Video 8296,280318,4599,6627
Video 8297,129440,7758,8668
Video 8298,381558,32003,9423
Video 8299,98808,8081,8432
Video 8300,931435,3761,723
Video 8301,599600,30074,4971
Video 8302,292532,27929,5259
Video 8303,885142,43915,509
Video 8304,879366,23370,8187
Video 8305,642422,34456,947
Video 8306,425298,37427,6439
Video 8307,775887,36302,7770
Video 8308,70334,14089,7264
Video 8309,595083,29136,7187
Video 8310,91209,42066,1723
Video 8311,500647,837,5679
Video 8312,92540,3064,652
Video 8313,847183,45284,2085
Video 8314,237891,26925,2794
Video 8315,945893,806,2298
Video 8316,120489,9175,9491
Video 8317,804281,36783,8520
Video 8318,34956,29792,8541
Video 8319,648666,19280,6000
Video 8320,950459,42071,4545
Video 8321,846098,1710,6620
Video 8322,607511,42955,1194
Video 8323,681058,39079,5163
Video 8324,588679,15966,3018
Video 8325,458619,5777,4850
Video 8326,400395,30296,4627
Video 8327,732866,5016,7972
Video 8328,320467,41259,2259
Video 8329,463469,35488,9645
Video 8330,587120,27306,9689
Video 8331,189617,25447,548
Video 8332,104508,20863,6993
Video 8333,646759,14239,3792
Video 8334,524930,45394,5243
Video 8335,40376,35643,2636
Video 8336,388504,47931,953
Video 8337,235265,23837,2199
Video 8338,388375,2178,527
Video 8339,805087,25429,3543
Video 8340,997373,24941,2019
Video 8341,443576,40372,560
Video 8342,135868,32523,591
Video 8343,109267,16553,5840
Video 8344,568149,31512,4077
Video 8345,369070,41803,9048
Video 8346,654275,40000,9315
Video 8347,44412,342,6085
Video 8348,133614,43106,9727
Video 8349,253873,11919,5399
Video 8350,953306,48728,1636
Video 8351,940688,26786,112
Video 8352,494268,9007,1875
Video 8353,739985,21204,8929
Video 8354,16504,17143,840
Video 8355,622646,43615,5942
Video 8356,357731,16040,1578
Video 8357,253821,38851,3043
Video 8358,819472,888,9631
Video 8359,884393,48894,4243
Video 8360,708863,30354,1444
Video 8361,711369,7079,2282
Video 8362,500877,44739,4501
Video 8363,485880,37985,1592
Video 8364,291697,24474,2547
Video 8365,556878,2583,4778
Video 8366,316441,28700,3289
Video 8367,61829,28508,9330
Video 8368,389305,11131,5325
Video 8369,545036,49171,9611
Video 8370,363061,24399,8707
Video 8371,344468,7978,5019
Video 8372,476683,34885,8697
Video 8373,713000,27733,6250
Video 8374,27070,41939,9754
Video 8375,455949,16833,8774
Video 8376,53620,14180,4301
Video 8377,362581,39463,4543
Video 8378,707942,24782,7385
Video 8379,830059,9946,3352
Video 8380,290642,4744,5425
Video 8381,696916,1614,6360
Video 8382,881006,17737,6124
Video 8383,293513,36561,188
Video 8384,804928,34996,2295
Video 8385,695197,16218,192
Video 8386,614048,23112,5661
Video 8387,788521,3461,6807
Video 8388,697456,12655,6717
Video 8389,183974,2670,6800
Video 8390,763998,25505,1821
Video 8391,181864,47575,1414
Video 8392,953865,12679,300
Video 8393,14033,42959,720
Video 8394,377884,38550,7085
Video 8395,682407,18297,3055
Video 8396,608007,45770,8766
Video 8397,854268,19935,7797
Video 8398,514104,3575,911
Video 8399,657215,13720,9217
Video 8400,933836,16719,4272
Video 8401,230435,41035,9899
Video 8402,515065,38973,4712
Video 8403,625291,24582,7494
Video 8404,102832,13148,6869
Video 8405,588021,10780,2164
Video 8406,846914,34241,461
Video 8407,709488,40660,3829
Video 8408,859884,9629,8194
Video 8409,951302,27520,5020
Video 8410,346658,48939,109
Video 8411,958819,46353,5729
Video 8412,895827,25458,7026
Video 8413,829915,20997,6269
Video 8414,871096,33539,9514
Video 8415,184433,30379,2723
Video 8416,293462,17825,54
Video 8417,493765,45277,9841
Video 8418,313931,11973,871
Video 8419,581445,24909,509
Video 8420,687076,44372,9333
Video 8421,837753,820,3432
Video 8422,680482,32286,2178
Video 8423,308048,41483,3160
Video 8424,443972,476,8330
Video 8425,343219,11749,8547
Video 8426,694962,25982,2847
Video 8427,546771,13184,2353
Video 8428,89598,8018,8569
Video 8429,996119,43391,1871
Video 8430,571507,20550,3185
Video 8431,271498,16289,9215
Video 8432,145494,38855,5760
Video 8433,624668,15395,8568
Video 8434,255770,748,6700
Video 8435,322264,2678,9889
Video 8436,644782,30634,4420
Video 8437,145711,10523,7039
Video 8438,297714,38021,164
Video 8439,520591,28238,4675
Video 8440,381035,40316,917
Video 8441,303727,20773,7687
Video 8442,36273,17893,156
Video 8443,220264,19880,6593
Video 8444,475380,23558,160
Video 8445,852774,633,9447
Video 8446,312334,46227,2965
Video 8447,318197,44300,5590
Video 8448,728487,15557,1556
Video 8449,184838,39863,3898
Video 8450,510407,14966,3773
Video 8451,684823,26117,3167
Video 8452,545753,11156,4681
Video 8453,70090,19486,5338
Video 8454,665423,27699,3852
Video 8455,512057,43017,6593
Video 8456,483982,1731,8582
Video 8457,762355,2586,4025
Video 8458,264591,2136,3690
Video 8459,567073,25456,5173
Video 8460,240488,4131,8237
Video 8461,84092,48015,7828
Video 8462,580504,45192,5412
Video 8463,462153,43518,3155
Video 8464,746657,26840,5698
Video 8465,234824,4771,8151
Video 8466,800055,21505,1121
Video 8467,337488,25034,996
Video 8468,829409,10321,5453
Video 8469,241350,6788,7116
Video 8470,623090,3737,3477
Video 8471,847303,6225,250
Video 8472,343249,15266,7110
Video 8473,187271,32537,7335
Video 8474,524374,12813,5650
Video 8475,831278,8254,5257
Video 8476,255232,8809,2935
Video 8477,771641,33337,4035
Video 8478,566389,26191,4734
Video 8479,842492,19001,3035
Video 8480,878929,27966,8714
Video 8481,230405,21721,8418
Video 8482,975061,35746,7922
Video 8483,466530,42629,3150
Video 8484,399734,35793,6382
Video 8485,950194,26761,6948
Video 8486,589114,26931,9745
Video 8487,52718,32450,9695
Video 8488,964020,33920,5843
Video 8489,225423,20779,5651
Video 8490,869337,14250,6170
Video 8491,373731,16564,5209
Video 8492,323177,230,433
Video 8493,703158,29718,7350
Video 8494,831086,4539,8356
Video 8495,157272,14396,4414
Video 8496,777086,39853,5866
Video 8497,527051,47264,8725
Video 8498,869344,17213,3395
Video 8499,804883,37770,6807
Video 8500,922071,33674,1338
Video 8501,469646,29443,8904
Video 8502,447854,39429,847
Video 8503,362135,45818,1515
Video 8504,232737,32540,3318
Video 8505,656733,44967,7448
Video 8506,742128,4739,7003
Video 8507,567851,39440,3028
Video 8508,383422,19789,389
Video 8509,727144,14877,1539
Video 8510,128099,19647,2412
Video 8511,369987,15474,9170
Video 8512,812218,26113,4174
Video 8513,610135,44016,33
Video 8514,559202,8874,1911
Video 8515,848115,41774,4578
Video 8516,452876,16105,9796
Video 8517,275459,22746,8734
Video 8518,317438,3092,7970
Video 8519,870698,26343,4804
Video 8520,554753,41953,8336
Video 8521,571779,35914,869
Video 8522,493434,11893,3940
Video 8523,604095,30342,4203
Video 8524,902089,17025,5425
Video 8525,21484,10890,9775
Video 8526,274725,2200,5348
Video 8527,981239,9688,1727
Video 8528,389961,37506,6397
Video 8529,998848,13229,8286
Video 8530,707981,21554,9589
Video 8531,2543,20378,2775
Video 8532,220406,11402,7217
Video 8533,325315,30638,1780
Video 8534,843192,27305,9661
Video 8535,389647,12743,9185
Video 8536,112107,33211,6531
Video 8537,568346,46215,2719
Video 8538,842638,5208,6305
Video 8539,927705,40567,6847
Video 8540,667343,7608,7069
Video 8541,988866,5288,2647
Video 8542,409230,10646,1739
Video 8543,391389,7710,7994
Video 8544,40505,28146,7084
Video 8545,874699,46807,8024
Video 8546,809488,1723,2238
Video 8547,633776,39952,7019
Video 8548,93296,3838,5048
Video 8549,526080,44983,4897
Video 8550,618756,20226,8320
Video 8551,910657,44423,4970
Video 8552,41287,23477,9532
Video 8553,719989,43448,9001
Video 8554,56298,8804,5011
Video 8555,528641,27144,8387
Video 8556,222084,11659,2610
Video 8557,340791,46413,6858
Video 8558,427466,28616,7811
Video 8559,872033,30127,3437
Video 8560,436611,15791,2677
Video 8561,12887,48809,9792
Video 8562,91246,8287,6231
Video 8563,539166,43064,1404
Video 8564,675117,22718,8656
Video 8565,56027,47342,2050
Video 8566,286290,48707,7975
Video 8567,756318,522,6347
Video 8568,477540,32787,722
Video 8569,97408,8654,2451
Video 8570,416432,21528,8143
Video 8571,981888,45067,9503
Video 8572,641019,28165,6897
Video 8573,692346,14875,5309
Video 8574,81631,10672,5053
Video 8575,519090,41321,2092
Video 8576,626580,16547,1472
Video 8577,172731,34294,8221
Video 8578,744979,24903,2007
Video 8579,439540,41865,5951
Video 8580,256885,42000,7732
Video 8581,128522,32287,814
Video 8582,396071,14452,5669
Video 8583,267500,40917,2622
Video 8584,807113,33963,9469
Video 8585,963884,14459,2551
Video 8586,768994,9563,1889
Video 8587,401662,6416,4735
Video 8588,435175,27110,1271
Video 8589,873720,4556,55
Video 8590,394446,4822,1265
Video 8591,145163,45279,4433
Video 8592,659207,15729,1083
Video 8593,215684,24691,5714
Video 8594,936725,1667,5230
Video 8595,150031,27055,6189
Video 8596,13751,6534,4996
Video 8597,814701,36326,1451
Video 8598,484713,49608,1727
Video 8599,792979,38415,5087
Video 8600,419353,42783,6977
Video 8601,654411,29882,3053
Video 8602,319528,23215,4429
Video 8603,739439,29505,8917
Video 8604,459497,45547,2468
Video 8605,534686,24110,2387
Video 8606,413832,23497,6893
Video 8607,565712,6721,9901
Video 8608,139912,5463,8667
Video 8609,93406,21626,6150
Video 8610,18982,47435,685
Video 8611,923979,19187,3939
Video 8612,527650,28716,1900
Video 8613,858283,35548,847
Video 8614,499508,1652,7604
Video 8615,994339,3694,2991
Video 8616,402498,40099,2943
Video 8617,41585,40386,2215
Video 8618,961457,27765,6778
Video 8619,440812,150,8444
Video 8620,785528,12270,5185
Video 8621,590951,45988,7706
Video 8622,385790,30028,6901
Video 8623,35649,2227,9173
Video 8624,851678,37710,167
Video 8625,543170,9638,9541
Video 8626,82813,17464,9791
Video 8627,259652,19740,7260
Video 8628,400338,19675,3985
Video 8629,553344,39218,7157
Video 8630,788880,48935,6159
Video 8631,158851,16521,2802
Video 8632,355813,26391,1414
Video 8633,477392,47467,5212
Video 8634,219884,10252,8361
Video 8635,708538,10277,7441
Video 8636,499295,1362,2131
Video 8637,374521,37107,4442
Video 8638,283658,19805,7028
Video 8639,958753,48406,7301
Video 8640,646111,9126,9141
Video 8641,3388,23127,2405
Video 8642,401695,4978,3407
Video 8643,836916,39427,7462
Video 8644,193993,2893,4126
Video 8645,145502,11767,644
Video 8646,998199,18796,6795
Video 8647,544202,34412,1556
Video 8648,716775,26518,5150
Video 8649,74394,15606,151
Video 8650,265064,36681,9142
Video 8651,269519,843,7226
Video 8652,175182,27332,6022
Video 8653,998546,14213,3420
Video 8654,259174,48013,9258
Video 8655,230100,38307,2434
Video 8656,74451,7193,6305
Video 8657,222556,27802,2940
Video 8658,467632,49629,5663
Video 8659,904583,32264,8321
Video 8660,301565,39272,5826
Video 8661,43341,12741,4968
Video 8662,961244,35866,4765
Video 8663,387192,30795,7947
Video 8664,199679,13135,9760
Video 8665,830768,6407,4252
Video 8666,887301,24343,9302
Video 8667,779996,37362,1709
Video 8668,998633,3529,7635
Video 8669,967334,41788,9464
Video 8670,101160,37774,5272
Video 8671,985553,24294,3989
Video 8672,149552,21080,1968
Video 8673,400007,9006,9738
Video 8674,795998,34973,6694
Video 8675,926331,25187,421
Video 8676,440100,29902,7474
Video 8677,420387,4995,2543
Video 8678,641369,36713,119
Video 8679,580306,3531,616
Video 8680,556569,48068,6066
Video 8681,429574,39777,5233
Video 8682,272776,44632,5931
Video 8683,159298,3034,5534
Video 8684,431477,45248,9272
Video 8685,700350,33772,3755
Video 8686,24687,37861,2514
Video 8687,840581,20008,4836
Video 8688,18765,12872,1295
Video 8689,304227,45933,2685
Video 8690,827233,20819,7204
Video 8691,239905,7907,1525
Video 8692,752135,35715,5378
Video 8693,97121,31182,576
Video 8694,907901,43140,1956
Video 8695,207772,10939,4633
Video 8696,749799,45934,5455
Video 8697,35621,18122,7185
Video 8698,961742,14615,3938
Video 8699,300304,44310,4388
Video 8700,373413,14158,5786
Video 8701,544240,9638,5917
Video 8702,154222,28138,4208
Video 8703,830880,23270,659
Video 8704,52526,7955,7888
Video 8705,484852,9968,8365
Video 8706,985224,22593,6575
Video 8707,449519,7795,158
Video 8708,883035,39207,4558
Video 8709,605717,7699,4676
Video 8710,777303,8021,9532
Video 8711,352837,7499,1308
Video 8712,795581,10863,9822
Video 8713,86423,9257,9796
Video 8714,705518,23919,6942
Video 8715,65986,37705,1044
Video 8716,930076,17769,8089
Video 8717,307263,27389,7221
Video 8718,472825,49111,2294
Video 8719,385739,8382,3369
Video 8720,354403,8208,5558
Video 8721,981946,45964,6736
Video 8722,87063,17943,7345
Video 8723,390574,33690,2400
Video 8724,962774,46185,9849
Video 8725,784699,10277,4351
Video 8726,973740,13142,7439
Video 8727,757462,37241,436
Video 8728,747126,47935,6868
Video 8729,820259,21836,5514
Video 8730,333987,13489,625
Video 8731,838295,26016,9643
Video 8732,563069,34202,1749
Video 8733,509804,33444,2117
Video 8734,167071,40165,7616
Video 8735,327244,33359,2726
Video 8736,188167,25668,4646
Video 8737,96060,31958,7864
Video 8738,158043,17680,6026
Video 8739,213570,25566,7649
Video 8740,368894,7485,2982
Video 8741,672656,17867,5315
Video 8742,555933,28816,6903
Video 8743,611357,22852,8713
Video 8744,611570,38999,6067
Video 8745,571770,21734,5946
Video 8746,953661,3445,8464
Video 8747,866191,34105,7979
Video 8748,353166,38615,878
Video 8749,886863,16591,6185
Video 8750,464635,7513,3864
Video 8751,801559,41975,5647
Video 8752,574800,33516,3006
Video 8753,133081,48391,4438
Video 8754,295913,17265,6323
Video 8755,294937,18420,3929
Video 8756,288910,16288,8396
Video 8757,395942,48846,49
Video 8758,465878,26504,9193
Video 8759,65524,14456,6519
Video 8760,668463,19040,9018
Video 8761,79185,42528,7238
Video 8762,155489,12128,1249
Video 8763,485692,14005,1708
Video 8764,329997,25731,8064
Video 8765,310172,766,8605
Video 8766,528734,33453,2748
Video 8767,617959,18835,6056
Video 8768,504006,36187,3407
Video 8769,344023,27924,8101
Video 8770,340730,4179,6987
Video 8771,980327,18073,2155
Video 8772,795696,10417,6828
Video 8773,160910,22936,7282
Video 8774,934462,47525,3903
Video 8775,109701,3867,9714
Video 8776,884022,29860,433
Video 8777,265800,4739,3008
Video 8778,10980,5565,7409
Video 8779,95404,32614,8186
Video 8780,368488,29793,6302
Video 8781,122020,15331,9069
Video 8782,216195,14657,8547
Video 8783,309709,4514,7211
Video 8784,875894,970,864
Video 8785,274157,48682,8630
Video 8786,767316,38215,322
Video 8787,458780,32622,4336
Video 8788,345777,23963,3490
Video 8789,113266,22252,8234
Video 8790,979998,48951,5095
Video 8791,524593,41882,7517
Video 8792,887539,27892,4988
Video 8793,231441,22855,2989
Video 8794,836739,19223,2363
Video 8795,266891,42997,8011
Video 8796,716076,16858,7937
Video 8797,412843,8537,684
Video 8798,863150,24092,6098
Video 8799,126395,46138,1901
Video 8800,403392,33364,5386
Video 8801,627444,49675,6463
Video 8802,43107,28318,208
Video 8803,202225,9508,1035
Video 8804,629855,22153,2709
Video 8805,840049,7109,9704
Video 8806,786940,23794,923
Video 8807,554017,37355,1290
Video 8808,787560,13679,6082
Video 8809,363249,34101,4152
Video 8810,423184,38299,8245
Video 8811,252205,5690,1062
Video 8812,633158,35162,4885
Video 8813,502554,44378,9205
Video 8814,671006,44049,7491
Video 8815,108673,19314,4989
Video 8816,458974,41090,8671
Video 8817,651360,2160,9434
Video 8818,164139,43816,869
Video 8819,621305,49241,8829
Video 8820,476513,33754,550
Video 8821,389694,24716,2173
Video 8822,871714,21907,4250
Video 8823,642179,27498,8105
Video 8824,250870,41268,754
Video 8825,199117,25838,5761
Video 8826,862148,10832,5758
Video 8827,883276,17101,1922
Video 8828,4809,48094,460
Video 8829,17005,26890,7243
Video 8830,531612,18877,1836
Video 8831,894847,911,4375
Video 8832,234134,44190,1391
Video 8833,131955,32185,7443
Video 8834,360791,44184,5759
Video 8835,855175,2864,4979
Video 8836,428735,10055,8487
Video 8837,415593,18775,2459
Video 8838,95976,36839,4604
Video 8839,974918,16394,9218
Video 8840,616450,27033,8314
Video 8841,85459,40889,281
Video 8842,886914,11857,797
Video 8843,915545,48505,7818
Video 8844,81294,28900,1971
Video 8845,328740,40506,6056
Video 8846,317462,26316,5114
Video 8847,692374,4185,2782
Video 8848,549406,16292,9085
Video 8849,362943,18468,8011
Video 8850,496786,21857,4426
Video 8851,369892,27721,8916
Video 8852,725437,7107,3467
Video 8853,319366,26452,5128
Video 8854,29846,8572,3142
Video 8855,803867,30027,2800
Video 8856,727480,32883,3693
Video 8857,497130,14126,7098
Video 8858,220469,47278,304
Video 8859,925165,8731,4635
Video 8860,63970,35517,3698
Video 8861,691261,12472,5283
Video 8862,293761,32399,1162
Video 8863,460763,10651,7443
Video 8864,940442,44753,2268
Video 8865,83039,48943,4817
Video 8866,864027,5687,5662
Video 8867,53474,12884,1529
Video 8868,833963,43955,9615
Video 8869,783591,14995,9594
Video 8870,162222,17109,6991
Video 8871,54968,37358,5419
Video 8872,768004,23697,7754
Video 8873,483597,12594,382
Video 8874,194112,2715,957
Video 8875,485700,39914,9907
Video 8876,75955,46339,9215
Video 8877,247689,27318,6023
Video 8878,873933,48939,9237
Video 8879,835385,21669,1901
Video 8880,896253,7424,2065
Video 8881,566496,2615,386
Video 8882,498912,35406,6166
Video 8883,240900,442,8798
Video 8884,274175,1259,4181
Video 8885,237282,26867,889
Video 8886,369617,21431,9497
Video 8887,899578,19611,5672
Video 8888,147595,22519,8588
Video 8889,594626,18256,9875
Video 8890,788768,19449,6360
Video 8891,385932,26862,7228
Video 8892,543141,36019,6119
Video 8893,335736,931,469
Video 8894,9942,21140,2325
Video 8895,854898,2112,2816
Video 8896,657970,12121,9856
Video 8897,769814,34294,8908
Video 8898,620185,37565,1756
Video 8899,162638,39835,4659
Video 8900,580578,1405,192
Video 8901,461407,41032,3465
Video 8902,951996,21047,850
Video 8903,359078,13820,5499
Video 8904,693025,6905,5873
Video 8905,726489,39316,876
Video 8906,789516,40107,1607
Video 8907,825132,40917,6617
Video 8908,447521,33815,7894
Video 8909,148136,36814,2354
Video 8910,791621,34110,7437
Video 8911,849616,32678,1223
Video 8912,790036,7068,4665
Video 8913,491249,39658,5965
Video 8914,923601,37162,951
Video 8915,395465,40280,2573
Video 8916,220644,272,6426
Video 8917,716646,13539,746
Video 8918,428228,32710,8858
Video 8919,816955,12958,1555
Video 8920,750273,13720,9144
Video 8921,450511,33684,3743
Video 8922,951733,4152,6350
Video 8923,382995,27363,1702
Video 8924,374993,3586,5352
Video 8925,90402,7359,4321
Video 8926,179449,13228,6299
Video 8927,370645,5945,6115
Video 8928,681135,5626,99
Video 8929,230522,40724,3900
Video 8930,475727,6649,2946
Video 8931,791325,188,9693
Video 8932,934601,42308,6604
Video 8933,203841,37414,781
Video 8934,94582,15408,3029
Video 8935,137882,43838,6817
Video 8936,817082,33750,2757
Video 8937,631655,31760,7523
Video 8938,658401,39601,484
Video 8939,916384,18477,3490
Video 8940,504316,10558,6441
Video 8941,367134,47704,378
Video 8942,575850,19688,611
Video 8943,223632,6087,715
Video 8944,577156,34139,7873
Video 8945,101297,40924,752
Video 8946,348755,29201,6733
Video 8947,918659,25512,2818
Video 8948,344337,10055,2466
Video 8949,266280,14751,4796
Video 8950,376555,30450,2838
Video 8951,23097,20706,5540
Video 8952,962731,28041,4792
Video 8953,598017,26981,6701
Video 8954,522189,33667,6234
Video 8955,306609,13236,3513
Video 8956,968434,9918,3689
Video 8957,965999,31252,8892
Video 8958,359812,1280,3368
Video 8959,869716,1583,7208
Video 8960,72278,17199,5906
Video 8961,432041,6232,1198
Video 8962,542053,21112,4217
Video 8963,491771,29570,4651
Video 8964,15194,4407,5173
Video 8965,990450,31228,1926
Video 8966,707706,18896,733
Video 8967,74543,25147,3290
Video 8968,798397,15228,1817
Video 8969,723662,10912,3490
Video 8970,120915,19061,6860
Video 8971,165062,19923,1489
Video 8972,677065,17298,2455
Video 8973,282180,48017,8040
Video 8974,538653,21536,5806
Video 8975,774715,43245,8411
Video 8976,748596,46021,2319
Video 8977,828088,34009,7341
Video 8978,968319,32115,1192
Video 8979,343915,44516,1933
Video 8980,727897,30616,137
Video 8981,917311,11561,4319
Video 8982,517225,43967,4664
Video 8983,24606,42422,2897
Video 8984,663369,33815,7672
Video 8985,370007,15628,217
Video 8986,645645,19623,2458
Video 8987,379755,1750,1521
Video 8988,734920,47564,6925
Video 8989,226295,22189,3059
Video 8990,934907,19703,1063
Video 8991,539802,2308,9166
Video 8992,283383,41107,9950
Video 8993,446449,29688,9560
Video 8994,131547,40560,4334
Video 8995,246008,41336,8107
Video 8996,48451,15135,1355
Video 8997,300834,25315,9617
Video 8998,657528,39296,5220
Video 8999,832166,18304,7856
Video 9000,830501,2958,2342
Video 9001,987897,13413,1690
Video 9002,105829,15816,8253
Video 9003,65965,46094,5702
Video 9004,2137,18931,3308
Video 9005,247481,26270,9005
Video 9006,67608,9761,8518
Video 9007,308459,14072,1902
Video 9008,466433,32645,5004
Video 9009,221793,26066,9357
Video 9010,641629,6960,1527
Video 9011,388676,25941,537
Video 9012,633838,21653,6275
Video 9013,369127,11121,4095
Video 9014,565518,31393,3434
Video 9015,294558,18287,7860
Video 9016,870512,12126,9429
Video 9017,986008,1646,1262
Video 9018,103051,19162,446
Video 9019,907279,49145,2523
Video 9020,558174,32427,8287
Video 9021,582559,34423,2567
Video 9022,280523,8109,4323
Video 9023,157915,19129,1843
Video 9024,980802,13270,517
Video 9025,860749,2093,3962
Video 9026,601418,26974,4211
Video 9027,887218,30610,8117
Video 9028,328917,37008,2357
Video 9029,910921,18336,74
Video 9030,16176,9524,2649
Video 9031,498184,44264,1463
Video 9032,460257,29578,2536
Video 9033,635602,35226,6297
Video 9034,928291,19808,3546
Video 9035,74102,7330,9092
Video 9036,343600,36044,45
Video 9037,321389,43491,2029
Video 9038,611671,39159,1263
Video 9039,885073,32017,2434
Video 9040,252392,34364,13
Video 9041,425711,7177,3053
Video 9042,933211,29785,8235
Video 9043,879599,3108,1385
Video 9044,773295,30603,931
Video 9045,365905,14148,4447
Video 9046,504723,4495,9250
Video 9047,864650,14252,5399
Video 9048,998815,43332,9809
Video 9049,605278,11442,8525
Video 9050,628772,32973,9563
Video 9051,976331,5358,3395
Video 9052,898805,21396,3508
Video 9053,528231,47828,8368
Video 9054,937600,44010,1320
Video 9055,558109,9405,6206
Video 9056,253051,19248,8147
Video 9057,620624,15197,1576
Video 9058,511353,34591,744
Video 9059,425304,32219,4134
Video 9060,404666,18818,252
Video 9061,393852,17709,754
Video 9062,3323,41431,3205
Video 9063,658425,1227,3585
Video 9064,260840,41238,9153
Video 9065,119795,9089,5358
Video 9066,995581,6624,1448
Video 9067,143039,41244,8176
Video 9068,829872,36471,6403
Video 9069,297540,33281,1518
Video 9070,825714,10037,523
Video 9071,999892,12965,2447
Video 9072,596597,21389,8153
Video 9073,265266,35107,6086
Video 9074,862440,28871,4651
Video 9075,1289,30183,7249
Video 9076,507439,22563,8858
Video 9077,450925,45776,4339
Video 9078,566463,45879,1373
Video 9079,451931,1522,3737
Video 9080,325520,5293,4375
Video 9081,91236,10536,8470
Video 9082,112807,39526,6654
Video 9083,885475,34884,6668
Video 9084,290566,3710,5055
Video 9085,345173,46013,7241
Video 9086,248146,39055,9663
Video 9087,212711,9980,5046
Video 9088,918451,7011,4713
Video 9089,729290,20891,373
Video 9090,374608,423,3680
Video 9091,627414,42027,722
Video 9092,688287,20342,6679
Video 9093,853131,12585,5995
Video 9094,220001,2636,2716
Video 9095,270961,17580,3515
Video 9096,799196,8498,2758
Video 9097,185523,29034,6741
Video 9098,182731,10821,3969
Video 9099,690897,39091,4110
Video 9100,248762,7092,3845
Video 9101,511920,4812,8116
Video 9102,445476,39181,1771
Video 9103,149215,39497,5900
Video 9104,627284,31450,9288
Video 9105,375272,36396,3432
Video 9106,699057,36505,557
Video 9107,679726,47203,1235
Video 9108,588326,3945,1297
Video 9109,689929,16526,8718
Video 9110,956060,44279,4762
Video 9111,585503,33387,4258
Video 9112,846438,19718,7591
Video 9113,866590,4650,3336
Video 9114,516382,20985,4099
Video 9115,664281,49691,801
Video 9116,702385,1872,4087
Video 9117,121138,25231,1173
Video 9118,40822,48775,675
Video 9119,530186,14018,1271
Video 9120,508724,12197,1537
Video 9121,872884,2817,8539
Video 9122,758718,2062,17
Video 9123,491314,27337,463
Video 9124,605862,1801,3287
Video 9125,965612,486,773
Video 9126,7766,7712,4584
Video 9127,459044,3887,2305
Video 9128,606502,17273,362
Video 9129,240163,32684,9840
Video 9130,982254,6412,294
Video 9131,960348,45667,5955
Video 9132,2886,22317,24
Video 9133,829709,44779,7488
Video 9134,445351,29446,1964
Video 9135,243917,9706,8064
Video 9136,72147,14943,6257
Video 9137,583270,15668,3400
Video 9138,615526,25701,4236
Video 9139,591187,20608,9486
Video 9140,690341,12112,4863
Video 9141,357574,42520,140
Video 9142,633777,20018,6283
Video 9143,400615,25497,2595
Video 9144,538188,6921,998
Video 9145,978389,48269,4855
Video 9146,110788,29942,3327
Video 9147,792238,6668,5476
Video 9148,998402,17762,3237
Video 9149,863625,41401,1408
Video 9150,52539,29357,9391
Video 9151,192782,43287,9566
Video 9152,127394,13196,7123
Video 9153,869364,3451,7185
Video 9154,553031,49723,7211
Video 9155,757835,18162,1525
Video 9156,548323,33200,4534
Video 9157,227563,5457,3071
Video 9158,315815,35804,188
Video 9159,581171,28291,7976
Video 9160,483021,4018,7842
Video 9161,966701,22924,904
Video 9162,638767,41977,9034
Video 9163,196114,4797,91
Video 9164,319181,43942,792
Video 9165,466263,19061,5830
Video 9166,404086,30632,7222
Video 9167,217185,46349,2658
Video 9168,653976,43361,4608
Video 9169,352961,35166,447
Video 9170,824771,29958,6963
Video 9171,537101,25704,3754
Video 9172,948064,422,5965
Video 9173,732647,13326,5238
Video 9174,199488,21330,7633
Video 9175,175348,17093,8547
Video 9176,180539,42523,6510
Video 9177,343368,38725,3016
Video 9178,39672,46652,2968
Video 9179,227174,16951,8374
Video 9180,330870,15009,5542
Video 9181,257021,28509,9852
Video 9182,327847,12056,1821
Video 9183,7701,22871,5923
Video 9184,437503,37664,4433
Video 9185,860678,37498,5336
Video 9186,369704,27009,300
Video 9187,48457,39248,4313
Video 9188,468130,39641,1720
Video 9189,788754,21264,5193
Video 9190,523537,49543,9882
Video 9191,655956,36604,2425
Video 9192,919050,13734,3936
Video 9193,215517,8694,1231
Video 9194,695079,3899,7042
Video 9195,461454,27922,6392
Video 9196,448217,10350,435
Video 9197,981471,772,2078
Video 9198,704762,273,3371
Video 9199,834827,20110,1206
Video 9200,275558,7380,5521
Video 9201,972282,31488,6634
Video 9202,981833,42455,6369
Video 9203,464843,25368,8917
Video 9204,792241,1553,6800
Video 9205,993806,5742,3083
Video 9206,324058,13049,7626
Video 9207,497008,30854,117
Video 9208,662135,39671,9023
Video 9209,962972,7312,9465
Video 9210,557238,36930,5272
Video 9211,427636,43363,5261
Video 9212,293178,38726,186
Video 9213,662567,17264,4887
Video 9214,989252,48816,605
Video 9215,39401,36308,1133
Video 9216,570523,17686,6690
Video 9217,35034,41560,7839
Video 9218,944801,13235,3646
Video 9219,992242,3396,937
Video 9220,409943,447,7711
Video 9221,646663,27563,6136
Video 9222,833821,23046,5882
Video 9223,901759,8830,8996
Video 9224,964313,1974,8610
Video 9225,486346,19157,8495
Video 9226,314296,865,623
Video 9227,290800,23944,5872
Video 9228,895533,37590,1373
Video 9229,903787,18919,7171
Video 9230,764657,31059,5910
Video 9231,323500,10756,7232
Video 9232,144287,13910,5995
Video 9233,636817,45095,2393
Video 9234,796177,41678,9796
Video 9235,896729,45085,1443
Video 9236,289853,2340,5051
Video 9237,958458,5633,1789
Video 9238,499343,48967,9351
Video 9239,716478,47394,757
Video 9240,780669,43377,2329
Video 9241,740487,47551,1811
Video 9242,735982,7471,2042
Video 9243,596296,8406,4404
Video 9244,217841,43673,254
Video 9245,926143,26441,9268
Video 9246,164019,46503,4264
Video 9247,102970,27068,6356
Video 9248,218405,3402,1836
Video 9249,305282,44250,5308
Video 9250,426459,42241,2537
Video 9251,498511,8254,7324
Video 9252,716041,322,5080
Video 9253,192759,49279,3056
Video 9254,306177,43394,6906
Video 9255,546840,10557,1026
Video 9256,901658,8736,5631
Video 9257,818384,37226,956
Video 9258,177470,35828,8590
Video 9259,748763,38763,1789
Video 9260,232143,1530,6145
Video 9261,724151,42189,9861
Video 9262,310225,10283,4327
Video 9263,445151,8220,9630
Video 9264,839131,47575,9867
Video 9265,26672,42157,9750
Video 9266,405570,49308,1875
Video 9267,382999,16012,6508
Video 9268,592374,18807,9603
Video 9269,973949,24697,8828
Video 9270,959022,4779,4749
Video 9271,630225,29104,651
Video 9272,730676,49195,8757
Video 9273,45140,27110,2862
Video 9274,186567,47214,8452
Video 9275,782774,44450,8813
Video 9276,992606,42386,2322
Video 9277,632410,47519,6120
Video 9278,260193,3748,4730
Video 9279,28344,13953,9676
Video 9280,168876,25026,708
Video 9281,72240,1390,824
Video 9282,472700,30215,6602
Video 9283,859345,17986,1453
Video 9284,74607,48237,8765
Video 9285,992631,43516,7750
Video 9286,630195,49963,1480
Video 9287,536753,16364,4523
Video 9288,936431,48764,6395
Video 9289,646933,4306,7696
Video 9290,791418,17751,6230
Video 9291,665382,25662,6102
Video 9292,46883,17339,5356
Video 9293,187883,23416,254
Video 9294,986680,30447,3939
Video 9295,171730,36375,1241
Video 9296,229200,40101,2235
Video 9297,354499,47732,6799
Video 9298,203558,27713,9951
Video 9299,357187,16621,1234
Video 9300,992846,2341,7461
Video 9301,15989,18172,9895
Video 9302,33943,41237,4460
Video 9303,510429,17620,4603
Video 9304,81449,45690,3917
Video 9305,107233,35161,6564
Video 9306,505337,7250,4733
Video 9307,326424,44875,3858
Video 9308,379901,43024,2746
Video 9309,144762,18108,7154
Video 9310,728036,2573,6162
Video 9311,201183,2228,6495
Video 9312,724736,27005,571
Video 9313,186615,47834,996
Video 9314,570725,19099,2441
Video 9315,197511,2201,2704
Video 9316,944559,17875,653
Video 9317,785248,49777,5395
Video 9318,559934,42359,2278
Video 9319,49486,13629,717
Video 9320,701784,30367,8711
Video 9321,246058,20700,7186
Video 9322,538228,42192,4619
Video 9323,232410,23790,1602
Video 9324,85080,27232,4185
Video 9325,758464,12294,9434
Video 9326,653484,23975,7457
Video 9327,963285,11608,9590
Video 9328,585328,7668,7580
Video 9329,888125,25604,5817
Video 9330,131045,23299,9001
Video 9331,13360,38456,948
Video 9332,849916,37839,1644
Video 9333,795559,12464,6149
Video 9334,234918,34134,4715
Video 9335,839573,18796,6704
Video 9336,836340,27130,1553
Video 9337,437097,34483,3190
Video 9338,313239,2953,9232
Video 9339,644477,10364,2814
Video 9340,859324,49644,985
Video 9341,898163,40004,7489
Video 9342,498755,13881,2611
Video 9343,308116,35028,4555
Video 9344,816452,48350,2365
Video 9345,153327,9134,9941
Video 9346,194288,49295,1787
Video 9347,70424,3307,8193
Video 9348,84066,13628,7337
Video 9349,601643,26496,8563
Video 9350,331252,24227,9526
Video 9351,306297,44528,6478
Video 9352,893625,13513,2347
Video 9353,98362,12806,3717
Video 9354,352026,10384,8488
Video 9355,137582,37735,8629
Video 9356,170980,36181,2929
Video 9357,403652,30120,7100
Video 9358,421435,45012,7804
Video 9359,169792,8495,4863
Video 9360,688447,33852,8374
Video 9361,21176,17926,4466
Video 9362,755668,17630,6098
Video 9363,344652,35446,920
Video 9364,746127,48575,2869
Video 9365,313184,32198,3449
Video 9366,707426,46185,7129
Video 9367,676853,38874,8003
Video 9368,892049,19286,1289
Video 9369,167918,41986,3206
Video 9370,907925,22635,3291
Video 9371,782006,23079,4653
Video 9372,742851,21432,6447
Video 9373,776769,12601,5400
Video 9374,850111,5335,4647
Video 9375,790815,40827,8373
Video 9376,43817,48228,1081
Video 9377,120047,23795,736
Video 9378,642575,43631,1103
Video 9379,20656,3978,6150
Video 9380,337115,11924,6808
Video 9381,583720,4051,624
Video 9382,905482,3842,1759
Video 9383,866735,13028,1686
Video 9384,802454,7088,1554
Video 9385,897329,3145,2136
Video 9386,677999,33730,5680
Video 9387,925885,19327,1841
Video 9388,325394,34003,3443
Video 9389,535044,22958,9003
Video 9390,187406,12092,706
Video 9391,565369,5803,5755
Video 9392,170175,38216,2458
Video 9393,172717,23040,7741
Video 9394,432410,1429,1997
Video 9395,474687,22018,2901
Video 9396,811215,35432,316
Video 9397,601391,35303,7240
Video 9398,274953,24969,5164
Video 9399,665144,12781,2529
Video 9400,74581,807,885
Video 9401,137679,24501,4189
Video 9402,83855,45897,4493
Video 9403,466017,25016,16
Video 9404,988392,45718,3480
Video 9405,222206,41420,8006
Video 9406,418546,43053,5982
Video 9407,31917,37163,8319
Video 9408,960269,23244,1766
Video 9409,160369,33954,75
Video 9410,76978,36983,9329
Video 9411,28994,1273,1549
Video 9412,739647,29083,4795
Video 9413,236417,1212,9611
Video 9414,928032,47032,444
Video 9415,151133,40882,1355
Video 9416,43833,41567,5711
Video 9417,296217,28416,7352
Video 9418,898585,6739,87
Video 9419,357743,3745,2655
Video 9420,106334,40145,675
Video 9421,382117,20378,6562
Video 9422,394177,42893,7766
Video 9423,665677,17792,7273
Video 9424,821978,39973,5480
Video 9425,136980,10400,431
Video 9426,585226,6633,5864
Video 9427,150236,10132,4912
Video 9428,724049,12359,350
Video 9429,241227,32466,3535
Video 9430,983163,3972,1039
Video 9431,797403,21889,8284
Video 9432,841250,4327,6135
Video 9433,69414,45717,2705
Video 9434,106040,33102,6796
Video 9435,363421,44373,4367
Video 9436,646739,48940,5762
Video 9437,401180,28830,780
Video 9438,20555,43286,3255
Video 9439,897944,41726,2450
Video 9440,682706,29577,1180
Video 9441,940091,15174,6354
Video 9442,720321,44898,8627
Video 9443,632559,18684,4261
Video 9444,229988,49350,7867
Video 9445,113441,22079,9803
Video 9446,783528,39362,2437
Video 9447,363461,49768,8967
Video 9448,781401,5337,7103
Video 9449,26599,37413,7004
Video 9450,826462,24252,7775
Video 9451,557559,9235,455
Video 9452,195358,24849,7491
Video 9453,824837,39121,2407
Video 9454,564691,32903,6816
Video 9455,711835,16411,4036
Video 9456,152974,38053,3440
Video 9457,217532,5152,6200
Video 9458,549092,2635,4555
Video 9459,589762,15149,7614
Video 9460,222687,44145,2731
Video 9461,930886,17611,9902
Video 9462,881317,41732,4513
Video 9463,383730,41161,172
Video 9464,719459,243,8290
Video 9465,675203,22038,3776
Video 9466,22153,41683,8166
Video 9467,673894,42150,2432
Video 9468,415096,21082,9762
Video 9469,883089,30732,8708
Video 9470,938498,19600,6824
Video 9471,730954,31530,448
Video 9472,689122,1561,5592
Video 9473,645660,29142,3119
Video 9474,783050,32203,8069
Video 9475,763632,22180,2681
Video 9476,192027,35541,3584
Video 9477,516932,35255,3175
Video 9478,297997,12565,4975
Video 9479,467802,28005,5937
Video 9480,287328,16265,3867
Video 9481,917734,44496,6159
Video 9482,155549,48008,2643
Video 9483,524133,20333,6387
Video 9484,770208,23761,398
Video 9485,725539,39832,1681
Video 9486,381019,2125,6641
Video 9487,452587,26099,5530
Video 9488,567250,34498,3677
Video 9489,635990,36201,3144
Video 9490,853620,14874,1261
Video 9491,247227,40433,2120
Video 9492,562432,49517,4822
Video 9493,405878,45956,2711
Video 9494,12930,18475,1852
Video 9495,289579,28407,7344
Video 9496,243888,49570,4973
Video 9497,958155,47925,5796
Video 9498,658060,2022,8913
Video 9499,904418,47730,6788
Video 9500,151407,3657,7504
Video 9501,476735,42047,5802
Video 9502,604900,5894,9799
Video 9503,179194,49108,6630
Video 9504,834343,41724,9645
Video 9505,695182,13982,184
Video 9506,993096,39193,6239
Video 9507,904194,19501,6817
Video 9508,207431,136,5450
Video 9509,455702,4100,1768
Video 9510,994742,8748,8611
Video 9511,862361,37253,9949
Video 9512,108729,13802,7126
Video 9513,180538,5373,6764
Video 9514,101615,49134,8364
Video 9515,103218,35084,988
Video 9516,625805,6738,2727
Video 9517,269576,26653,2641
Video 9518,884366,24830,9315
Video 9519,744210,2800,1779
Video 9520,627819,39185,2871
Video 9521,318680,19665,6465
Video 9522,500873,31856,9919
Video 9523,793619,33912,4237
Video 9524,151103,5757,9076
Video 9525,882171,15260,8695
Video 9526,174299,27650,6385
Video 9527,614436,43901,1860
Video 9528,480107,46433,4874
Video 9529,38864,4194,332
Video 9530,357076,24763,7164
Video 9531,922327,27030,9270
Video 9532,246499,11597,7166
Video 9533,831363,17104,3178
Video 9534,523259,39754,4938
Video 9535,714235,8361,6788
Video 9536,266264,13615,2180
Video 9537,334334,12953,1621
Video 9538,225293,45942,5603
Video 9539,536835,8912,4130
Video 9540,238812,11686,6533
Video 9541,841503,43838,6697
Video 9542,931599,22878,5035
Video 9543,184910,36029,1548
Video 9544,284032,47763,3307
Video 9545,308805,25856,4478
Video 9546,91512,10607,8701
Video 9547,198648,19399,7057
Video 9548,271715,44117,4232
Video 9549,559847,27074,6044
Video 9550,886591,48119,7976
Video 9551,965816,10784,2567
Video 9552,897533,26203,7001
Video 9553,119237,32450,4747
Video 9554,894499,25678,824
Video 9555,174882,24853,9363
Video 9556,43161,41155,6137
Video 9557,67888,23980,9124
Video 9558,836684,17157,2825
Video 9559,802664,680,4924
Video 9560,573168,41370,1697
Video 9561,375437,1957,1906
Video 9562,614974,25939,1679
Video 9563,415967,27315,6349
Video 9564,635788,6959,4862
Video 9565,144383,32669,3988
Video 9566,596161,46340,4388
Video 9567,339043,19763,7582
Video 9568,161568,20125,3243
Video 9569,661012,41735,1788
Video 9570,497607,49136,8276
Video 9571,883904,12249,7503
Video 9572,240949,17884,740
Video 9573,96819,1135,1723
Video 9574,865488,8261,506
Video 9575,775497,8359,4739
Video 9576,890858,44343,3244
Video 9577,725312,18375,2195
Video 9578,72362,17111,7397
Video 9579,216411,6862,4374
Video 9580,502258,38183,740
Video 9581,460372,21004,4620
Video 9582,539445,14363,4241
Video 9583,731810,14248,7400
Video 9584,553828,47104,8371
Video 9585,292179,47888,8129
Video 9586,227271,27061,7776
Video 9587,719214,4193,3012
Video 9588,953116,40003,33
Video 9589,218894,44289,5017
Video 9590,749065,48797,7131
Video 9591,8966,40446,5790
Video 9592,562210,49461,9653
Video 9593,358762,14451,4644
Video 9594,37055,36103,7556
Video 9595,394872,34587,5179
Video 9596,715442,20307,9344
Video 9597,344816,28689,6667
Video 9598,129860,7281,6655
Video 9599,251150,32327,8453
Video 9600,940312,49451,7132
Video 9601,936232,1241,2744
Video 9602,756336,36838,2125
Video 9603,296899,22784,319
Video 9604,668239,16550,3275
Video 9605,748572,14025,5612
Video 9606,379021,49320,686
Video 9607,909341,21428,1093
Video 9608,871748,10523,9304
Video 9609,273383,46544,7455
Video 9610,844341,43366,4001
Video 9611,862297,14048,2991
Video 9612,117515,47884,5991
Video 9613,759265,4037,1752
Video 9614,905844,17911,897
Video 9615,850152,2962,8740
Video 9616,388229,4040,3789
Video 9617,3514,34934,2182
Video 9618,438402,24290,3237
Video 9619,141240,23881,8506
Video 9620,222255,27808,6841
Video 9621,596932,17643,9781
Video 9622,728066,38179,652
Video 9623,846544,18551,4614
Video 9624,21292,610,2282
Video 9625,894689,11103,4126
Video 9626,654782,46091,6764
Video 9627,604903,6311,1330
Video 9628,339466,5782,9985
Video 9629,924903,48653,6784
Video 9630,174114,38196,6918
Video 9631,399811,18218,4532
Video 9632,601776,11925,8653
Video 9633,412571,18360,759
Video 9634,158077,28223,7455
Video 9635,64926,48333,7860
Video 9636,901124,5859,8075
Video 9637,654904,44348,3216
Video 9638,443603,20092,8345
Video 9639,148968,35126,2653
Video 9640,4038,28650,5453
Video 9641,348247,31265,5844
Video 9642,91404,12688,4024
Video 9643,691089,19706,4907
Video 9644,25711,955,3146
Video 9645,984305,4471,2696
Video 9646,503930,15177,3966
Video 9647,196543,46043,3397
Video 9648,826333,10862,6512
Video 9649,646478,46640,9246
Video 9650,256174,25563,1303
Video 9651,477086,35012,5477
Video 9652,273687,36814,4882
Video 9653,514540,36739,3173
Video 9654,451626,40877,7012
Video 9655,851143,48722,3300
Video 9656,366820,3869,5180
Video 9657,75113,15267,4339
Video 9658,594996,24035,321
Video 9659,845323,35994,6710
Video 9660,113641,47338,1907
Video 9661,947323,12233,1175
Video 9662,748864,13879,3497
Video 9663,372970,11358,2255
Video 9664,393026,10843,4573
Video 9665,379709,6283,3314
Video 9666,779988,43550,8348
Video 9667,832166,13741,6167
Video 9668,849381,553,6321
Video 9669,424536,34139,6870
Video 9670,639568,28448,5142
Video 9671,600050,34858,3203
Video 9672,693800,12957,3972
Video 9673,596253,41391,1977
Video 9674,6929,4547,6576
Video 9675,502208,27552,2415
Video 9676,794643,34832,4748
Video 9677,592693,40000,6642
Video 9678,750748,24852,5941
Video 9679,180568,33284,4697
Video 9680,92610,5418,4069
Video 9681,37090,10665,9684
Video 9682,439002,48350,8924
Video 9683,175892,1803,279
Video 9684,948637,33005,9984
Video 9685,853907,32038,2646
Video 9686,129195,26471,8343
Video 9687,73111,36653,8052
Video 9688,206451,40400,6257
Video 9689,514158,34312,9666
Video 9690,764391,18659,9494
Video 9691,532069,39652,1613
Video 9692,399382,27101,1069
Video 9693,529668,14732,5253
Video 9694,215059,10666,3166
Video 9695,180603,16476,7383
Video 9696,25415,17965,8126
Video 9697,263377,2155,6724
Video 9698,449375,47744,6177
Video 9699,31757,37093,4445
Video 9700,509516,36845,1440
Video 9701,72697,2125,6768
Video 9702,737022,1409,2048
Video 9703,527752,712,1176
Video 9704,752266,18807,3082
Video 9705,449213,10914,9564
Video 9706,519994,2705,5828
Video 9707,348862,29134,8246
Video 9708,870688,40252,2289
Video 9709,100838,34666,9359
Video 9710,445809,30145,7451
Video 9711,955336,44410,4358
Video 9712,916428,9340,7398
Video 9713,441433,40084,3536
Video 9714,494831,48931,9832
Video 9715,165062,38129,7843
Video 9716,320603,46721,7617
Video 9717,163472,10618,6858
Video 9718,189542,13852,3352
Video 9719,640403,46144,1352
Video 9720,236733,35319,2417
Video 9721,568042,24516,6607
Video 9722,558626,40612,4998
Video 9723,434923,26738,961
Video 9724,509264,46660,9022
Video 9725,567083,25170,5276
Video 9726,515683,39579,1161
Video 9727,320003,28803,9080
Video 9728,351132,27839,9830
Video 9729,631494,9404,9352
Video 9730,801606,25209,5418
Video 9731,546844,4025,6643
Video 9732,435327,5566,3023
Video 9733,326084,40694,3992
Video 9734,283186,47766,5343
Video 9735,566044,34658,7830
Video 9736,425973,4846,6844
Video 9737,232130,21745,9468
Video 9738,344160,27055,6423
Video 9739,461203,22637,334
Video 9740,624512,21839,8317
Video 9741,132683,17033,8944
Video 9742,517666,7161,1698
Video 9743,746549,28726,8430
Video 9744,520552,48453,9758
Video 9745,501989,6879,4822
Video 9746,179129,165,2672
Video 9747,963185,40535,1984
Video 9748,205007,26619,2989
Video 9749,779555,21757,382
Video 9750,237009,16091,846
Video 9751,984453,18140,4097
Video 9752,991495,14582,2608
Video 9753,920028,18856,1885
Video 9754,6717,6998,4501
Video 9755,910634,4243,5223
Video 9756,672607,44020,6837
Video 9757,552653,7872,8117
Video 9758,375025,25674,5782
Video 9759,830726,32924,6845
Video 9760,394243,30997,3734
Video 9761,93479,26984,7791
Video 9762,339816,3994,6111
Video 9763,222247,37264,4447
Video 9764,211697,44420,7529
Video 9765,380807,17899,2562
Video 9766,695235,34980,328
Video 9767,666441,28347,7038
Video 9768,411349,28475,8911
Video 9769,13613,1508,9665
Video 9770,94506,4661,9081
Video 9771,309975,21506,3142
Video 9772,747908,13192,7941
Video 9773,335010,45600,4303
Video 9774,336578,9919,935
Video 9775,887961,21185,1062
Video 9776,967998,31003,9479
Video 9777,519174,23174,9077
Video 9778,63095,42766,4385
Video 9779,398655,6530,7518
Video 9780,906075,2375,3953
Video 9781,735099,22027,3949
Video 9782,52288,23811,7452
Video 9783,930957,4392,4879
Video 9784,318655,21184,4515
Video 9785,347009,45337,3256
Video 9786,248857,11078,4526
Video 9787,829165,12173,9726
Video 9788,120227,42438,1677
Video 9789,392090,37090,5333
Video 9790,91231,34825,4016
Video 9791,800706,21868,8093
Video 9792,714881,7515,8945
Video 9793,895287,10209,5995
Video 9794,120493,37901,9245
Video 9795,770991,27507,8112
Video 9796,887808,46543,9395
Video 9797,770968,23297,2120
Video 9798,616363,6336,4016
Video 9799,786076,4573,8994
Video 9800,91637,33819,7898
Video 9801,979414,40124,4690
Video 9802,629994,989,8302
Video 9803,984917,41051,3224
Video 9804,624223,43891,484
Video 9805,176558,8002,4105
Video 9806,121028,46807,6396
Video 9807,879707,4930,8998
Video 9808,395842,10197,5805
Video 9809,863856,8734,3608
Video 9810,105272,26896,4669
Video 9811,704859,49988,8835
Video 9812,809312,23605,6486
Video 9813,931234,27015,7782
Video 9814,281853,42776,8557
Video 9815,441885,18241,7725
Video 9816,400393,45551,720
Video 9817,927491,39335,7066
Video 9818,682808,43072,8387
Video 9819,969877,24475,307
Video 9820,65093,30977,2155
Video 9821,842644,28755,7788
Video 9822,641180,3230,9256
Video 9823,626688,27106,2554
Video 9824,674949,9540,6393
Video 9825,9925,18807,5238
Video 9826,228539,24088,4590
Video 9827,893584,49601,8400
Video 9828,280683,31632,7215
Video 9829,697399,48860,6313
Video 9830,419525,33492,8345
Video 9831,444000,38978,2879
Video 9832,672514,43455,4760
Video 9833,859427,30881,1757
Video 9834,741680,45949,3060
Video 9835,693230,48822,6805
Video 9836,742112,48116,1835
Video 9837,342386,24126,8717
Video 9838,747176,7849,3740
Video 9839,139671,42546,3019
Video 9840,367395,33859,8625
Video 9841,984242,7036,3777
Video 9842,948862,28699,2777
Video 9843,315838,48231,8890
Video 9844,311712,1918,1563
Video 9845,365893,7121,303
Video 9846,633000,46613,6839
Video 9847,612242,38860,7526
Video 9848,104378,15895,2334
Video 9849,756648,21472,9763
Video 9850,255368,9510,3451
Video 9851,398410,6268,9010
Video 9852,439060,39111,2861
Video 9853,3144,47350,7518
Video 9854,351951,22368,1137
Video 9855,598564,29467,8490
Video 9856,805500,36063,663
Video 9857,498673,18753,9416
Video 9858,487847,27038,4822
Video 9859,332973,18965,9068
Video 9860,161295,10235,4983
Video 9861,762940,49315,9668
Video 9862,631553,34058,7876
Video 9863,748044,29438,6979
Video 9864,708406,38559,2046
Video 9865,387459,8475,6213
Video 9866,939571,8591,7596
Video 9867,215261,14806,1498
Video 9868,730891,44326,199
Video 9869,524284,23098,8132
Video 9870,735594,44172,8885
Video 9871,480790,39781,3993
Video 9872,10059,42449,4201
Video 9873,44145,30116,3724
Video 9874,188634,3765,1404
Video 9875,156053,12008,834
Video 9876,542247,17667,2068
Video 9877,6601,49490,2368
Video 9878,769243,42556,7058
Video 9879,892413,13966,5885
Video 9880,351295,15865,9516
Video 9881,846172,39352,9463
Video 9882,915932,8856,1103
Video 9883,885428,28876,344
Video 9884,162020,13097,5834
Video 9885,495756,49669,7542
Video 9886,754644,33841,6722
Video 9887,575586,19641,6277
Video 9888,402278,3403,4068
Video 9889,203610,20411,6069
Video 9890,959571,35595,5189
Video 9891,973444,6129,3806
Video 9892,758892,6740,625
Video 9893,159725,12073,8213
Video 9894,853603,38341,7806
Video 9895,705825,19428,6841
Video 9896,323695,38568,156
Video 9897,538291,36188,4314
Video 9898,402060,44648,6976
Video 9899,432665,48117,8060
Video 9900,207236,871,5702
Video 9901,511166,4820,593
Video 9902,356365,3200,9241
Video 9903,646504,38978,6930
Video 9904,350805,22542,3197
Video 9905,408966,33199,5406
Video 9906,458019,5796,167
Video 9907,690506,30959,7336
Video 9908,901548,24200,5108
Video 9909,921593,29150,7315
Video 9910,22668,31944,505
Video 9911,809628,31775,4002
Video 9912,902104,11627,3992
Video 9913,121353,23444,8441
Video 9914,635176,32548,9324
Video 9915,125358,36929,9733
Video 9916,863110,49173,1822
Video 9917,682495,46139,703
Video 9918,649702,398,7784
Video 9919,53331,6000,5291
Video 9920,295387,40448,7688
Video 9921,651892,24971,7344
Video 9922,424006,2914,6396
Video 9923,434633,19725,6331
Video 9924,199494,10038,7473
Video 9925,885781,25589,7422
Video 9926,629421,24504,3869
Video 9927,849718,37556,3384
Video 9928,499133,23032,2597
Video 9929,140284,44225,7930
Video 9930,560433,25583,7207
Video 9931,42118,17098,229
Video 9932,872348,4274,1479
Video 9933,349467,212,528
Video 9934,442601,10598,4888
Video 9935,21928,10575,8822
Video 9936,127746,43571,2154
Video 9937,841291,24094,6963
Video 9938,930721,41565,338
Video 9939,53317,38209,6809
Video 9940,99021,29305,5364
Video 9941,35275,8490,1376
Video 9942,352375,46481,5965
Video 9943,155730,22525,4949
Video 9944,437880,4392,7657
Video 9945,832237,32188,193
Video 9946,544396,37974,6764
Video 9947,510836,20660,3391
Video 9948,668688,17175,6767
Video 9949,291016,42391,6797
Video 9950,83167,38992,1679
Video 9951,523407,3192,3928
Video 9952,496795,31306,9954
Video 9953,227785,33002,9987
Video 9954,210865,8862,8555
Video 9955,161126,35010,6882
Video 9956,956782,42835,2535
Video 9957,657600,8666,2548
Video 9958,31056,43127,7518
Video 9959,325554,36907,7543
Video 9960,753728,336,2156
Video 9961,360654,41541,3905
Video 9962,512000,15633,6844
Video 9963,633763,28100,7981
Video 9964,904649,30495,1486
Video 9965,524133,46763,3629
Video 9966,645784,19456,3723
Video 9967,294324,37307,3367
Video 9968,844425,48018,6186
Video 9969,730699,3917,8699
Video 9970,743100,17659,7418
Video 9971,975211,28897,884
Video 9972,493103,34846,4863
Video 9973,346571,37579,9858
Video 9974,331480,36647,8561
Video 9975,932066,39318,7928
Video 9976,571119,43941,8423
Video 9977,400079,1740,8260
Video 9978,201145,10731,9266
Video 9979,437010,26990,9625
Video 9980,178878,36207,8893
Video 9981,759704,39613,5202
Video 9982,293592,28872,2782
Video 9983,100179,38224,1135
Video 9984,570802,30799,5995
Video 9985,686802,46628,1434
Video 9986,991360,33040,1583
Video 9987,701912,18536,5687
Video 9988,400982,7728,1751
Video 9989,440831,44818,4002
Video 9990,823826,8575,2286
Video 9991,558379,48328,258
Video 9992,997145,16338,7485
Video 9993,67401,27891,1249
Video 9994,419738,35096,4823
Video 9995,724433,22717,3219
Video 9996,248507,19167,4431
Video 9997,878449,40361,8891
Video 9998,491158,39051,6138
Video 9999,439095,24902,4012
